Date,Chip,Size,Chips Sold,,,,,,,,,,,,,,,,,,,,,,,,,
4/1/06,Lightly Salted ,2oz,2101,,,,,,,,,,,,,,,,,,,,,,,,,
5/1/06,Lightly Salted ,2oz,2924,,,,,,,,,,,,,,,,,,,,,,,,,
6/1/06,Lightly Salted ,2oz,2606,,,,,,,,,,,,,,,,,,,,,,,,,
7/1/06,Lightly Salted ,2oz,2244,,,,,,,,,,,,,,,,,,,,,,,,,
8/1/06,Lightly Salted ,2oz,2547,,,,,,,,,,,,,,,,,,,,,,,,,
9/1/06,Lightly Salted ,2oz,2311,,,,,,,,,,,,,,,,,,,,,,,,,
10/1/06,Lightly Salted ,2oz,2050,,,,,,,,,,,,,,,,,,,,,,,,,
11/1/06,Lightly Salted ,2oz,2211,,,,,,,,,,,,,,,,,,,,,,,,,
12/1/06,Lightly Salted ,2oz,2412,,,,,,,,,,,,,,,,,,,,,,,,,
1/1/07,Lightly Salted ,2oz,1779,,,,,,,,,,,,,,,,,,,,,,,,,
2/1/07,Lightly Salted ,2oz,2013,,,,,,,,,,,,,,,,,,,,,,,,,
3/1/07,Lightly Salted ,2oz,2358,,,,,,,,,,,,,,,,,,,,,,,,,
4/1/07,Lightly Salted ,2oz,2104,,,,,,,,,,,,,,,,,,,,,,,,,
5/1/07,Lightly Salted ,2oz,2406,,,,,,,,,,,,,,,,,,,,,,,,,
6/1/07,Lightly Salted ,2oz,2717,,,,,,,,,,,,,,,,,,,,,,,,,
7/1/07,Lightly Salted ,2oz,2719,,,,,,,,,,,,,,,,,,,,,,,,,
8/1/07,Lightly Salted ,2oz,2387,,,,,,,,,,,,,,,,,,,,,,,,,
9/1/07,Lightly Salted ,2oz,2282,,,,,,,,,,,,,,,,,,,,,,,,,
10/1/07,Lightly Salted ,2oz,2952,,,,,,,,,,,,,,,,,,,,,,,,,
11/1/07,Lightly Salted ,2oz,2031,,,,,,,,,,,,,,,,,,,,,,,,,
12/1/07,Lightly Salted ,2oz,1418,,,,,,,,,,,,,,,,,,,,,,,,,
1/1/08,Lightly Salted ,2oz,1675,,,,,,,,,,,,,,,,,,,,,,,,,
2/1/08,Lightly Salted ,2oz,2292,,,,,,,,,,,,,,,,,,,,,,,,,
3/1/08,Lightly Salted ,2oz,1403,,,,,,,,,,,,,,,,,,,,,,,,,
4/1/08,Lightly Salted ,2oz,2446,,,,,,,,,,,,,,,,,,,,,,,,,
5/1/08,Lightly Salted ,2oz,1479,,,,,,,,,,,,,,,,,,,,,,,,,
6/1/08,Lightly Salted ,2oz,2086,,,,,,,,,,,,,,,,,,,,,,,,,
7/1/08,Lightly Salted ,2oz,3167,,,,,,,,,,,,,,,,,,,,,,,,,
8/1/08,Lightly Salted ,2oz,1906,,,,,,,,,,,,,,,,,,,,,,,,,
9/1/08,Lightly Salted ,2oz,3312,,,,,,,,,,,,,,,,,,,,,,,,,
10/1/08,Lightly Salted ,2oz,2454,,,,,,,,,,,,,,,,,,,,,,,,,
11/1/08,Lightly Salted ,2oz,1566,,,,,,,,,,,,,,,,,,,,,,,,,
12/1/08,Lightly Salted ,2oz,1444,,,,,,,,,,,,,,,,,,,,,,,,,
1/1/09,Lightly Salted ,2oz,1527,,,,,,,,,,,,,,,,,,,,,,,,,
2/1/09,Lightly Salted ,2oz,1699,,,,,,,,,,,,,,,,,,,,,,,,,
3/1/09,Lightly Salted ,2oz,3023,,,,,,,,,,,,,,,,,,,,,,,,,
4/1/09,Lightly Salted ,2oz,2469,,,,,,,,,,,,,,,,,,,,,,,,,
5/1/09,Lightly Salted ,2oz,2576,,,,,,,,,,,,,,,,,,,,,,,,,
6/1/09,Lightly Salted ,2oz,2585,,,,,,,,,,,,,,,,,,,,,,,,,
7/1/09,Lightly Salted ,2oz,2429,,,,,,,,,,,,,,,,,,,,,,,,,
8/1/09,Lightly Salted ,2oz,2479,,,,,,,,,,,,,,,,,,,,,,,,,
9/1/09,Lightly Salted ,2oz,2849,,,,,,,,,,,,,,,,,,,,,,,,,
10/1/09,Lightly Salted ,2oz,1826,,,,,,,,,,,,,,,,,,,,,,,,,
11/1/09,Lightly Salted ,2oz,2315,,,,,,,,,,,,,,,,,,,,,,,,,
12/1/09,Lightly Salted ,2oz,1948,,,,,,,,,,,,,,,,,,,,,,,,,
1/1/10,Lightly Salted ,2oz,1419,,,,,,,,,,,,,,,,,,,,,,,,,
2/1/10,Lightly Salted ,2oz,2218,,,,,,,,,,,,,,,,,,,,,,,,,
3/1/10,Lightly Salted ,2oz,2499,,,,,,,,,,,,,,,,,,,,,,,,,
4/1/10,Lightly Salted ,2oz,2810,,,,,,,,,,,,,,,,,,,,,,,,,
5/1/10,Lightly Salted ,2oz,2310,,,,,,,,,,,,,,,,,,,,,,,,,
6/1/10,Lightly Salted ,2oz,2959,,,,,,,,,,,,,,,,,,,,,,,,,
7/1/10,Lightly Salted ,2oz,2263,,,,,,,,,,,,,,,,,,,,,,,,,
8/1/10,Lightly Salted ,2oz,3268,,,,,,,,,,,,,,,,,,,,,,,,,
9/1/10,Lightly Salted ,2oz,2063,,,,,,,,,,,,,,,,,,,,,,,,,
10/1/10,Lightly Salted ,2oz,3212,,,,,,,,,,,,,,,,,,,,,,,,,
11/1/10,Lightly Salted ,2oz,2407,,,,,,,,,,,,,,,,,,,,,,,,,
12/1/10,Lightly Salted ,2oz,1423,,,,,,,,,,,,,,,,,,,,,,,,,
4/1/06,Lightly Salted ,6oz,717,,,,,,,,,,,,,,,,,,,,,,,,,
5/1/06,Lightly Salted ,6oz,840,,,,,,,,,,,,,,,,,,,,,,,,,
6/1/06,Lightly Salted ,6oz,1050,,,,,,,,,,,,,,,,,,,,,,,,,
7/1/06,Lightly Salted ,6oz,667,,,,,,,,,,,,,,,,,,,,,,,,,
8/1/06,Lightly Salted ,6oz,1185,,,,,,,,,,,,,,,,,,,,,,,,,
9/1/06,Lightly Salted ,6oz,602,,,,,,,,,,,,,,,,,,,,,,,,,
10/1/06,Lightly Salted ,6oz,580,,,,,,,,,,,,,,,,,,,,,,,,,
11/1/06,Lightly Salted ,6oz,944,,,,,,,,,,,,,,,,,,,,,,,,,
12/1/06,Lightly Salted ,6oz,673,,,,,,,,,,,,,,,,,,,,,,,,,
1/1/07,Lightly Salted ,6oz,718,,,,,,,,,,,,,,,,,,,,,,,,,
2/1/07,Lightly Salted ,6oz,671,,,,,,,,,,,,,,,,,,,,,,,,,
3/1/07,Lightly Salted ,6oz,707,,,,,,,,,,,,,,,,,,,,,,,,,
4/1/07,Lightly Salted ,6oz,822,,,,,,,,,,,,,,,,,,,,,,,,,
5/1/07,Lightly Salted ,6oz,860,,,,,,,,,,,,,,,,,,,,,,,,,
6/1/07,Lightly Salted ,6oz,981,,,,,,,,,,,,,,,,,,,,,,,,,
7/1/07,Lightly Salted ,6oz,777,,,,,,,,,,,,,,,,,,,,,,,,,
8/1/07,Lightly Salted ,6oz,986,,,,,,,,,,,,,,,,,,,,,,,,,
9/1/07,Lightly Salted ,6oz,765,,,,,,,,,,,,,,,,,,,,,,,,,
10/1/07,Lightly Salted ,6oz,1062,,,,,,,,,,,,,,,,,,,,,,,,,
11/1/07,Lightly Salted ,6oz,681,,,,,,,,,,,,,,,,,,,,,,,,,
12/1/07,Lightly Salted ,6oz,476,,,,,,,,,,,,,,,,,,,,,,,,,
1/1/08,Lightly Salted ,6oz,552,,,,,,,,,,,,,,,,,,,,,,,,,
2/1/08,Lightly Salted ,6oz,726,,,,,,,,,,,,,,,,,,,,,,,,,
3/1/08,Lightly Salted ,6oz,615,,,,,,,,,,,,,,,,,,,,,,,,,
4/1/08,Lightly Salted ,6oz,775,,,,,,,,,,,,,,,,,,,,,,,,,
5/1/08,Lightly Salted ,6oz,484,,,,,,,,,,,,,,,,,,,,,,,,,
6/1/08,Lightly Salted ,6oz,874,,,,,,,,,,,,,,,,,,,,,,,,,
7/1/08,Lightly Salted ,6oz,2046,,,,,,,,,,,,,,,,,,,,,,,,,
8/1/08,Lightly Salted ,6oz,1474,,,,,,,,,,,,,,,,,,,,,,,,,
9/1/08,Lightly Salted ,6oz,871,,,,,,,,,,,,,,,,,,,,,,,,,
10/1/08,Lightly Salted ,6oz,1364,,,,,,,,,,,,,,,,,,,,,,,,,
11/1/08,Lightly Salted ,6oz,570,,,,,,,,,,,,,,,,,,,,,,,,,
12/1/08,Lightly Salted ,6oz,886,,,,,,,,,,,,,,,,,,,,,,,,,
1/1/09,Lightly Salted ,6oz,1270,,,,,,,,,,,,,,,,,,,,,,,,,
2/1/09,Lightly Salted ,6oz,904,,,,,,,,,,,,,,,,,,,,,,,,,
3/1/09,Lightly Salted ,6oz,1252,,,,,,,,,,,,,,,,,,,,,,,,,
4/1/09,Lightly Salted ,6oz,1109,,,,,,,,,,,,,,,,,,,,,,,,,
5/1/09,Lightly Salted ,6oz,1791,,,,,,,,,,,,,,,,,,,,,,,,,
6/1/09,Lightly Salted ,6oz,1538,,,,,,,,,,,,,,,,,,,,,,,,,
7/1/09,Lightly Salted ,6oz,1506,,,,,,,,,,,,,,,,,,,,,,,,,
8/1/09,Lightly Salted ,6oz,1231,,,,,,,,,,,,,,,,,,,,,,,,,
9/1/09,Lightly Salted ,6oz,1723,,,,,,,,,,,,,,,,,,,,,,,,,
10/1/09,Lightly Salted ,6oz,1025,,,,,,,,,,,,,,,,,,,,,,,,,
11/1/09,Lightly Salted ,6oz,1022,,,,,,,,,,,,,,,,,,,,,,,,,
12/1/09,Lightly Salted ,6oz,1433,,,,,,,,,,,,,,,,,,,,,,,,,
1/1/10,Lightly Salted ,6oz,938,,,,,,,,,,,,,,,,,,,,,,,,,
2/1/10,Lightly Salted ,6oz,1226,,,,,,,,,,,,,,,,,,,,,,,,,
3/1/10,Lightly Salted ,6oz,1225,,,,,,,,,,,,,,,,,,,,,,,,,
4/1/10,Lightly Salted ,6oz,1704,,,,,,,,,,,,,,,,,,,,,,,,,
5/1/10,Lightly Salted ,6oz,1266,,,,,,,,,,,,,,,,,,,,,,,,,
6/1/10,Lightly Salted ,6oz,1440,,,,,,,,,,,,,,,,,,,,,,,,,
7/1/10,Lightly Salted ,6oz,1233,,,,,,,,,,,,,,,,,,,,,,,,,
8/1/10,Lightly Salted ,6oz,1795,,,,,,,,,,,,,,,,,,,,,,,,,
9/1/10,Lightly Salted ,6oz,940,,,,,,,,,,,,,,,,,,,,,,,,,
10/1/10,Lightly Salted ,6oz,2022,,,,,,,,,,,,,,,,,,,,,,,,,
11/1/10,Lightly Salted ,6oz,1012,,,,,,,,,,,,,,,,,,,,,,,,,
12/1/10,Lightly Salted ,6oz,1381,,,,,,,,,,,,,,,,,,,,,,,,,
4/1/06,Barbeque,2oz,907,,,,,,,,,,,,,,,,,,,,,,,,,
5/1/06,Barbeque,2oz,1455,,,,,,,,,,,,,,,,,,,,,,,,,
6/1/06,Barbeque,2oz,1324,,,,,,,,,,,,,,,,,,,,,,,,,
7/1/06,Barbeque,2oz,994,,,,,,,,,,,,,,,,,,,,,,,,,
8/1/06,Barbeque,2oz,1313,,,,,,,,,,,,,,,,,,,,,,,,,
9/1/06,Barbeque,2oz,939,,,,,,,,,,,,,,,,,,,,,,,,,
10/1/06,Barbeque,2oz,1157,,,,,,,,,,,,,,,,,,,,,,,,,
11/1/06,Barbeque,2oz,1015,,,,,,,,,,,,,,,,,,,,,,,,,
12/1/06,Barbeque,2oz,1030,,,,,,,,,,,,,,,,,,,,,,,,,
1/1/07,Barbeque,2oz,731,,,,,,,,,,,,,,,,,,,,,,,,,
2/1/07,Barbeque,2oz,898,,,,,,,,,,,,,,,,,,,,,,,,,
3/1/07,Barbeque,2oz,963,,,,,,,,,,,,,,,,,,,,,,,,,
4/1/07,Barbeque,2oz,1136,,,,,,,,,,,,,,,,,,,,,,,,,
5/1/07,Barbeque,2oz,982,,,,,,,,,,,,,,,,,,,,,,,,,
6/1/07,Barbeque,2oz,1398,,,,,,,,,,,,,,,,,,,,,,,,,
7/1/07,Barbeque,2oz,1577,,,,,,,,,,,,,,,,,,,,,,,,,
8/1/07,Barbeque,2oz,1189,,,,,,,,,,,,,,,,,,,,,,,,,
9/1/07,Barbeque,2oz,989,,,,,,,,,,,,,,,,,,,,,,,,,
10/1/07,Barbeque,2oz,1486,,,,,,,,,,,,,,,,,,,,,,,,,
11/1/07,Barbeque,2oz,1052,,,,,,,,,,,,,,,,,,,,,,,,,
12/1/07,Barbeque,2oz,544,,,,,,,,,,,,,,,,,,,,,,,,,
1/1/08,Barbeque,2oz,885,,,,,,,,,,,,,,,,,,,,,,,,,
2/1/08,Barbeque,2oz,1108,,,,,,,,,,,,,,,,,,,,,,,,,
3/1/08,Barbeque,2oz,761,,,,,,,,,,,,,,,,,,,,,,,,,
4/1/08,Barbeque,2oz,1125,,,,,,,,,,,,,,,,,,,,,,,,,
5/1/08,Barbeque,2oz,805,,,,,,,,,,,,,,,,,,,,,,,,,
6/1/08,Barbeque,2oz,820,,,,,,,,,,,,,,,,,,,,,,,,,
7/1/08,Barbeque,2oz,1700,,,,,,,,,,,,,,,,,,,,,,,,,
8/1/08,Barbeque,2oz,1029,,,,,,,,,,,,,,,,,,,,,,,,,
9/1/08,Barbeque,2oz,1335,,,,,,,,,,,,,,,,,,,,,,,,,
10/1/08,Barbeque,2oz,1042,,,,,,,,,,,,,,,,,,,,,,,,,
11/1/08,Barbeque,2oz,861,,,,,,,,,,,,,,,,,,,,,,,,,
12/1/08,Barbeque,2oz,506,,,,,,,,,,,,,,,,,,,,,,,,,
1/1/09,Barbeque,2oz,908,,,,,,,,,,,,,,,,,,,,,,,,,
2/1/09,Barbeque,2oz,833,,,,,,,,,,,,,,,,,,,,,,,,,
3/1/09,Barbeque,2oz,1043,,,,,,,,,,,,,,,,,,,,,,,,,
4/1/09,Barbeque,2oz,1352,,,,,,,,,,,,,,,,,,,,,,,,,
5/1/09,Barbeque,2oz,1321,,,,,,,,,,,,,,,,,,,,,,,,,
6/1/09,Barbeque,2oz,1036,,,,,,,,,,,,,,,,,,,,,,,,,
7/1/09,Barbeque,2oz,1190,,,,,,,,,,,,,,,,,,,,,,,,,
8/1/09,Barbeque,2oz,1106,,,,,,,,,,,,,,,,,,,,,,,,,
9/1/09,Barbeque,2oz,1371,,,,,,,,,,,,,,,,,,,,,,,,,
10/1/09,Barbeque,2oz,900,,,,,,,,,,,,,,,,,,,,,,,,,
11/1/09,Barbeque,2oz,1100,,,,,,,,,,,,,,,,,,,,,,,,,
12/1/09,Barbeque,2oz,939,,,,,,,,,,,,,,,,,,,,,,,,,
1/1/10,Barbeque,2oz,638,,,,,,,,,,,,,,,,,,,,,,,,,
2/1/10,Barbeque,2oz,1115,,,,,,,,,,,,,,,,,,,,,,,,,
3/1/10,Barbeque,2oz,1338,,,,,,,,,,,,,,,,,,,,,,,,,
4/1/10,Barbeque,2oz,1328,,,,,,,,,,,,,,,,,,,,,,,,,
5/1/10,Barbeque,2oz,1196,,,,,,,,,,,,,,,,,,,,,,,,,
6/1/10,Barbeque,2oz,1727,,,,,,,,,,,,,,,,,,,,,,,,,
7/1/10,Barbeque,2oz,1138,,,,,,,,,,,,,,,,,,,,,,,,,
8/1/10,Barbeque,2oz,1369,,,,,,,,,,,,,,,,,,,,,,,,,
9/1/10,Barbeque,2oz,1054,,,,,,,,,,,,,,,,,,,,,,,,,
10/1/10,Barbeque,2oz,1686,,,,,,,,,,,,,,,,,,,,,,,,,
11/1/10,Barbeque,2oz,1135,,,,,,,,,,,,,,,,,,,,,,,,,
12/1/10,Barbeque,2oz,600,,,,,,,,,,,,,,,,,,,,,,,,,
4/1/06,Barbeque,6oz,455,,,,,,,,,,,,,,,,,,,,,,,,,
5/1/06,Barbeque,6oz,324,,,,,,,,,,,,,,,,,,,,,,,,,
6/1/06,Barbeque,6oz,376,,,,,,,,,,,,,,,,,,,,,,,,,
7/1/06,Barbeque,6oz,334,,,,,,,,,,,,,,,,,,,,,,,,,
8/1/06,Barbeque,6oz,445,,,,,,,,,,,,,,,,,,,,,,,,,
9/1/06,Barbeque,6oz,285,,,,,,,,,,,,,,,,,,,,,,,,,
10/1/06,Barbeque,6oz,309,,,,,,,,,,,,,,,,,,,,,,,,,
11/1/06,Barbeque,6oz,312,,,,,,,,,,,,,,,,,,,,,,,,,
12/1/06,Barbeque,6oz,332,,,,,,,,,,,,,,,,,,,,,,,,,
1/1/07,Barbeque,6oz,391,,,,,,,,,,,,,,,,,,,,,,,,,
2/1/07,Barbeque,6oz,213,,,,,,,,,,,,,,,,,,,,,,,,,
3/1/07,Barbeque,6oz,306,,,,,,,,,,,,,,,,,,,,,,,,,
4/1/07,Barbeque,6oz,405,,,,,,,,,,,,,,,,,,,,,,,,,
5/1/07,Barbeque,6oz,397,,,,,,,,,,,,,,,,,,,,,,,,,
6/1/07,Barbeque,6oz,416,,,,,,,,,,,,,,,,,,,,,,,,,
7/1/07,Barbeque,6oz,389,,,,,,,,,,,,,,,,,,,,,,,,,
8/1/07,Barbeque,6oz,375,,,,,,,,,,,,,,,,,,,,,,,,,
9/1/07,Barbeque,6oz,260,,,,,,,,,,,,,,,,,,,,,,,,,
10/1/07,Barbeque,6oz,444,,,,,,,,,,,,,,,,,,,,,,,,,
11/1/07,Barbeque,6oz,337,,,,,,,,,,,,,,,,,,,,,,,,,
12/1/07,Barbeque,6oz,142,,,,,,,,,,,,,,,,,,,,,,,,,
1/1/08,Barbeque,6oz,250,,,,,,,,,,,,,,,,,,,,,,,,,
2/1/08,Barbeque,6oz,468,,,,,,,,,,,,,,,,,,,,,,,,,
3/1/08,Barbeque,6oz,288,,,,,,,,,,,,,,,,,,,,,,,,,
4/1/08,Barbeque,6oz,528,,,,,,,,,,,,,,,,,,,,,,,,,
5/1/08,Barbeque,6oz,185,,,,,,,,,,,,,,,,,,,,,,,,,
6/1/08,Barbeque,6oz,439,,,,,,,,,,,,,,,,,,,,,,,,,
7/1/08,Barbeque,6oz,804,,,,,,,,,,,,,,,,,,,,,,,,,
8/1/08,Barbeque,6oz,229,,,,,,,,,,,,,,,,,,,,,,,,,
9/1/08,Barbeque,6oz,296,,,,,,,,,,,,,,,,,,,,,,,,,
10/1/08,Barbeque,6oz,479,,,,,,,,,,,,,,,,,,,,,,,,,
11/1/08,Barbeque,6oz,224,,,,,,,,,,,,,,,,,,,,,,,,,
12/1/08,Barbeque,6oz,279,,,,,,,,,,,,,,,,,,,,,,,,,
1/1/09,Barbeque,6oz,486,,,,,,,,,,,,,,,,,,,,,,,,,
2/1/09,Barbeque,6oz,251,,,,,,,,,,,,,,,,,,,,,,,,,
3/1/09,Barbeque,6oz,366,,,,,,,,,,,,,,,,,,,,,,,,,
4/1/09,Barbeque,6oz,949,,,,,,,,,,,,,,,,,,,,,,,,,
5/1/09,Barbeque,6oz,567,,,,,,,,,,,,,,,,,,,,,,,,,
6/1/09,Barbeque,6oz,601,,,,,,,,,,,,,,,,,,,,,,,,,
7/1/09,Barbeque,6oz,639,,,,,,,,,,,,,,,,,,,,,,,,,
8/1/09,Barbeque,6oz,351,,,,,,,,,,,,,,,,,,,,,,,,,
9/1/09,Barbeque,6oz,385,,,,,,,,,,,,,,,,,,,,,,,,,
10/1/09,Barbeque,6oz,303,,,,,,,,,,,,,,,,,,,,,,,,,
11/1/09,Barbeque,6oz,310,,,,,,,,,,,,,,,,,,,,,,,,,
12/1/09,Barbeque,6oz,437,,,,,,,,,,,,,,,,,,,,,,,,,
1/1/10,Barbeque,6oz,325,,,,,,,,,,,,,,,,,,,,,,,,,
2/1/10,Barbeque,6oz,288,,,,,,,,,,,,,,,,,,,,,,,,,
3/1/10,Barbeque,6oz,453,,,,,,,,,,,,,,,,,,,,,,,,,
4/1/10,Barbeque,6oz,670,,,,,,,,,,,,,,,,,,,,,,,,,
5/1/10,Barbeque,6oz,428,,,,,,,,,,,,,,,,,,,,,,,,,
6/1/10,Barbeque,6oz,455,,,,,,,,,,,,,,,,,,,,,,,,,
7/1/10,Barbeque,6oz,442,,,,,,,,,,,,,,,,,,,,,,,,,
8/1/10,Barbeque,6oz,853,,,,,,,,,,,,,,,,,,,,,,,,,
9/1/10,Barbeque,6oz,708,,,,,,,,,,,,,,,,,,,,,,,,,
10/1/10,Barbeque,6oz,1450,,,,,,,,,,,,,,,,,,,,,,,,,
11/1/10,Barbeque,6oz,412,,,,,,,,,,,,,,,,,,,,,,,,,
12/1/10,Barbeque,6oz,412,,,,,,,,,,,,,,,,,,,,,,,,,
4/1/06,Dill Pickle,2oz,468,,,,,,,,,,,,,,,,,,,,,,,,,
5/1/06,Dill Pickle,2oz,903,,,,,,,,,,,,,,,,,,,,,,,,,
6/1/06,Dill Pickle,2oz,748,,,,,,,,,,,,,,,,,,,,,,,,,
7/1/06,Dill Pickle,2oz,692,,,,,,,,,,,,,,,,,,,,,,,,,
8/1/06,Dill Pickle,2oz,844,,,,,,,,,,,,,,,,,,,,,,,,,
9/1/06,Dill Pickle,2oz,617,,,,,,,,,,,,,,,,,,,,,,,,,
10/1/06,Dill Pickle,2oz,791,,,,,,,,,,,,,,,,,,,,,,,,,
11/1/06,Dill Pickle,2oz,641,,,,,,,,,,,,,,,,,,,,,,,,,
12/1/06,Dill Pickle,2oz,566,,,,,,,,,,,,,,,,,,,,,,,,,
1/1/07,Dill Pickle,2oz,519,,,,,,,,,,,,,,,,,,,,,,,,,
2/1/07,Dill Pickle,2oz,611,,,,,,,,,,,,,,,,,,,,,,,,,
3/1/07,Dill Pickle,2oz,756,,,,,,,,,,,,,,,,,,,,,,,,,
4/1/07,Dill Pickle,2oz,732,,,,,,,,,,,,,,,,,,,,,,,,,
5/1/07,Dill Pickle,2oz,790,,,,,,,,,,,,,,,,,,,,,,,,,
6/1/07,Dill Pickle,2oz,855,,,,,,,,,,,,,,,,,,,,,,,,,
7/1/07,Dill Pickle,2oz,974,,,,,,,,,,,,,,,,,,,,,,,,,
8/1/07,Dill Pickle,2oz,769,,,,,,,,,,,,,,,,,,,,,,,,,
9/1/07,Dill Pickle,2oz,559,,,,,,,,,,,,,,,,,,,,,,,,,
10/1/07,Dill Pickle,2oz,1001,,,,,,,,,,,,,,,,,,,,,,,,,
11/1/07,Dill Pickle,2oz,655,,,,,,,,,,,,,,,,,,,,,,,,,
12/1/07,Dill Pickle,2oz,467,,,,,,,,,,,,,,,,,,,,,,,,,
1/1/08,Dill Pickle,2oz,609,,,,,,,,,,,,,,,,,,,,,,,,,
2/1/08,Dill Pickle,2oz,675,,,,,,,,,,,,,,,,,,,,,,,,,
3/1/08,Dill Pickle,2oz,440,,,,,,,,,,,,,,,,,,,,,,,,,
4/1/08,Dill Pickle,2oz,662,,,,,,,,,,,,,,,,,,,,,,,,,
5/1/08,Dill Pickle,2oz,618,,,,,,,,,,,,,,,,,,,,,,,,,
6/1/08,Dill Pickle,2oz,593,,,,,,,,,,,,,,,,,,,,,,,,,
7/1/08,Dill Pickle,2oz,1173,,,,,,,,,,,,,,,,,,,,,,,,,
8/1/08,Dill Pickle,2oz,597,,,,,,,,,,,,,,,,,,,,,,,,,
9/1/08,Dill Pickle,2oz,1061,,,,,,,,,,,,,,,,,,,,,,,,,
10/1/08,Dill Pickle,2oz,789,,,,,,,,,,,,,,,,,,,,,,,,,
11/1/08,Dill Pickle,2oz,582,,,,,,,,,,,,,,,,,,,,,,,,,
12/1/08,Dill Pickle,2oz,404,,,,,,,,,,,,,,,,,,,,,,,,,
1/1/09,Dill Pickle,2oz,614,,,,,,,,,,,,,,,,,,,,,,,,,
2/1/09,Dill Pickle,2oz,509,,,,,,,,,,,,,,,,,,,,,,,,,
3/1/09,Dill Pickle,2oz,1158,,,,,,,,,,,,,,,,,,,,,,,,,
4/1/09,Dill Pickle,2oz,728,,,,,,,,,,,,,,,,,,,,,,,,,
5/1/09,Dill Pickle,2oz,1037,,,,,,,,,,,,,,,,,,,,,,,,,
6/1/09,Dill Pickle,2oz,1002,,,,,,,,,,,,,,,,,,,,,,,,,
7/1/09,Dill Pickle,2oz,968,,,,,,,,,,,,,,,,,,,,,,,,,
8/1/09,Dill Pickle,2oz,743,,,,,,,,,,,,,,,,,,,,,,,,,
9/1/09,Dill Pickle,2oz,861,,,,,,,,,,,,,,,,,,,,,,,,,
10/1/09,Dill Pickle,2oz,651,,,,,,,,,,,,,,,,,,,,,,,,,
11/1/09,Dill Pickle,2oz,806,,,,,,,,,,,,,,,,,,,,,,,,,
12/1/09,Dill Pickle,2oz,568,,,,,,,,,,,,,,,,,,,,,,,,,
1/1/10,Dill Pickle,2oz,486,,,,,,,,,,,,,,,,,,,,,,,,,
2/1/10,Dill Pickle,2oz,931,,,,,,,,,,,,,,,,,,,,,,,,,
3/1/10,Dill Pickle,2oz,1002,,,,,,,,,,,,,,,,,,,,,,,,,
4/1/10,Dill Pickle,2oz,1044,,,,,,,,,,,,,,,,,,,,,,,,,
5/1/10,Dill Pickle,2oz,990,,,,,,,,,,,,,,,,,,,,,,,,,
6/1/10,Dill Pickle,2oz,1356,,,,,,,,,,,,,,,,,,,,,,,,,
7/1/10,Dill Pickle,2oz,845,,,,,,,,,,,,,,,,,,,,,,,,,
8/1/10,Dill Pickle,2oz,1012,,,,,,,,,,,,,,,,,,,,,,,,,
9/1/10,Dill Pickle,2oz,822,,,,,,,,,,,,,,,,,,,,,,,,,
10/1/10,Dill Pickle,2oz,1430,,,,,,,,,,,,,,,,,,,,,,,,,
11/1/10,Dill Pickle,2oz,903,,,,,,,,,,,,,,,,,,,,,,,,,
12/1/10,Dill Pickle,2oz,509,,,,,,,,,,,,,,,,,,,,,,,,,
4/1/06,Dill Pickle,6oz,241,,,,,,,,,,,,,,,,,,,,,,,,,
5/1/06,Dill Pickle,6oz,308,,,,,,,,,,,,,,,,,,,,,,,,,
6/1/06,Dill Pickle,6oz,218,,,,,,,,,,,,,,,,,,,,,,,,,
7/1/06,Dill Pickle,6oz,187,,,,,,,,,,,,,,,,,,,,,,,,,
8/1/06,Dill Pickle,6oz,238,,,,,,,,,,,,,,,,,,,,,,,,,
9/1/06,Dill Pickle,6oz,202,,,,,,,,,,,,,,,,,,,,,,,,,
10/1/06,Dill Pickle,6oz,259,,,,,,,,,,,,,,,,,,,,,,,,,
11/1/06,Dill Pickle,6oz,175,,,,,,,,,,,,,,,,,,,,,,,,,
12/1/06,Dill Pickle,6oz,169,,,,,,,,,,,,,,,,,,,,,,,,,
1/1/07,Dill Pickle,6oz,138,,,,,,,,,,,,,,,,,,,,,,,,,
2/1/07,Dill Pickle,6oz,144,,,,,,,,,,,,,,,,,,,,,,,,,
3/1/07,Dill Pickle,6oz,935,,,,,,,,,,,,,,,,,,,,,,,,,
4/1/07,Dill Pickle,6oz,154,,,,,,,,,,,,,,,,,,,,,,,,,
5/1/07,Dill Pickle,6oz,992,,,,,,,,,,,,,,,,,,,,,,,,,
6/1/07,Dill Pickle,6oz,228,,,,,,,,,,,,,,,,,,,,,,,,,
7/1/07,Dill Pickle,6oz,224,,,,,,,,,,,,,,,,,,,,,,,,,
8/1/07,Dill Pickle,6oz,288,,,,,,,,,,,,,,,,,,,,,,,,,
9/1/07,Dill Pickle,6oz,176,,,,,,,,,,,,,,,,,,,,,,,,,
10/1/07,Dill Pickle,6oz,204,,,,,,,,,,,,,,,,,,,,,,,,,
11/1/07,Dill Pickle,6oz,268,,,,,,,,,,,,,,,,,,,,,,,,,
12/1/07,Dill Pickle,6oz,102,,,,,,,,,,,,,,,,,,,,,,,,,
1/1/08,Dill Pickle,6oz,145,,,,,,,,,,,,,,,,,,,,,,,,,
2/1/08,Dill Pickle,6oz,160,,,,,,,,,,,,,,,,,,,,,,,,,
3/1/08,Dill Pickle,6oz,153,,,,,,,,,,,,,,,,,,,,,,,,,
4/1/08,Dill Pickle,6oz,212,,,,,,,,,,,,,,,,,,,,,,,,,
5/1/08,Dill Pickle,6oz,137,,,,,,,,,,,,,,,,,,,,,,,,,
6/1/08,Dill Pickle,6oz,294,,,,,,,,,,,,,,,,,,,,,,,,,
7/1/08,Dill Pickle,6oz,297,,,,,,,,,,,,,,,,,,,,,,,,,
8/1/08,Dill Pickle,6oz,208,,,,,,,,,,,,,,,,,,,,,,,,,
9/1/08,Dill Pickle,6oz,206,,,,,,,,,,,,,,,,,,,,,,,,,
10/1/08,Dill Pickle,6oz,291,,,,,,,,,,,,,,,,,,,,,,,,,
11/1/08,Dill Pickle,6oz,219,,,,,,,,,,,,,,,,,,,,,,,,,
12/1/08,Dill Pickle,6oz,182,,,,,,,,,,,,,,,,,,,,,,,,,
1/1/09,Dill Pickle,6oz,187,,,,,,,,,,,,,,,,,,,,,,,,,
2/1/09,Dill Pickle,6oz,165,,,,,,,,,,,,,,,,,,,,,,,,,
3/1/09,Dill Pickle,6oz,273,,,,,,,,,,,,,,,,,,,,,,,,,
4/1/09,Dill Pickle,6oz,1030,,,,,,,,,,,,,,,,,,,,,,,,,
5/1/09,Dill Pickle,6oz,373,,,,,,,,,,,,,,,,,,,,,,,,,
6/1/09,Dill Pickle,6oz,363,,,,,,,,,,,,,,,,,,,,,,,,,
7/1/09,Dill Pickle,6oz,378,,,,,,,,,,,,,,,,,,,,,,,,,
8/1/09,Dill Pickle,6oz,340,,,,,,,,,,,,,,,,,,,,,,,,,
9/1/09,Dill Pickle,6oz,1053,,,,,,,,,,,,,,,,,,,,,,,,,
10/1/09,Dill Pickle,6oz,193,,,,,,,,,,,,,,,,,,,,,,,,,
11/1/09,Dill Pickle,6oz,343,,,,,,,,,,,,,,,,,,,,,,,,,
12/1/09,Dill Pickle,6oz,228,,,,,,,,,,,,,,,,,,,,,,,,,
1/1/10,Dill Pickle,6oz,223,,,,,,,,,,,,,,,,,,,,,,,,,
2/1/10,Dill Pickle,6oz,216,,,,,,,,,,,,,,,,,,,,,,,,,
3/1/10,Dill Pickle,6oz,336,,,,,,,,,,,,,,,,,,,,,,,,,
4/1/10,Dill Pickle,6oz,402,,,,,,,,,,,,,,,,,,,,,,,,,
5/1/10,Dill Pickle,6oz,372,,,,,,,,,,,,,,,,,,,,,,,,,
6/1/10,Dill Pickle,6oz,447,,,,,,,,,,,,,,,,,,,,,,,,,
7/1/10,Dill Pickle,6oz,383,,,,,,,,,,,,,,,,,,,,,,,,,
8/1/10,Dill Pickle,6oz,1136,,,,,,,,,,,,,,,,,,,,,,,,,
9/1/10,Dill Pickle,6oz,354,,,,,,,,,,,,,,,,,,,,,,,,,
10/1/10,Dill Pickle,6oz,697,,,,,,,,,,,,,,,,,,,,,,,,,
11/1/10,Dill Pickle,6oz,287,,,,,,,,,,,,,,,,,,,,,,,,,
12/1/10,Dill Pickle,6oz,319,,,,,,,,,,,,,,,,,,,,,,,,,
4/1/06,Sour Cream and Chive,2oz,732,,,,,,,,,,,,,,,,,,,,,,,,,
5/1/06,Sour Cream and Chive,2oz,1099,,,,,,,,,,,,,,,,,,,,,,,,,
6/1/06,Sour Cream and Chive,2oz,887,,,,,,,,,,,,,,,,,,,,,,,,,
7/1/06,Sour Cream and Chive,2oz,767,,,,,,,,,,,,,,,,,,,,,,,,,
8/1/06,Sour Cream and Chive,2oz,1052,,,,,,,,,,,,,,,,,,,,,,,,,
9/1/06,Sour Cream and Chive,2oz,965,,,,,,,,,,,,,,,,,,,,,,,,,
10/1/06,Sour Cream and Chive,2oz,764,,,,,,,,,,,,,,,,,,,,,,,,,
11/1/06,Sour Cream and Chive,2oz,794,,,,,,,,,,,,,,,,,,,,,,,,,
12/1/06,Sour Cream and Chive,2oz,794,,,,,,,,,,,,,,,,,,,,,,,,,
1/1/07,Sour Cream and Chive,2oz,550,,,,,,,,,,,,,,,,,,,,,,,,,
2/1/07,Sour Cream and Chive,2oz,787,,,,,,,,,,,,,,,,,,,,,,,,,
3/1/07,Sour Cream and Chive,2oz,636,,,,,,,,,,,,,,,,,,,,,,,,,
4/1/07,Sour Cream and Chive,2oz,831,,,,,,,,,,,,,,,,,,,,,,,,,
5/1/07,Sour Cream and Chive,2oz,820,,,,,,,,,,,,,,,,,,,,,,,,,
6/1/07,Sour Cream and Chive,2oz,1104,,,,,,,,,,,,,,,,,,,,,,,,,
7/1/07,Sour Cream and Chive,2oz,1102,,,,,,,,,,,,,,,,,,,,,,,,,
8/1/07,Sour Cream and Chive,2oz,527,,,,,,,,,,,,,,,,,,,,,,,,,
9/1/07,Sour Cream and Chive,2oz,961,,,,,,,,,,,,,,,,,,,,,,,,,
10/1/07,Sour Cream and Chive,2oz,1365,,,,,,,,,,,,,,,,,,,,,,,,,
11/1/07,Sour Cream and Chive,2oz,783,,,,,,,,,,,,,,,,,,,,,,,,,
12/1/07,Sour Cream and Chive,2oz,625,,,,,,,,,,,,,,,,,,,,,,,,,
1/1/08,Sour Cream and Chive,2oz,785,,,,,,,,,,,,,,,,,,,,,,,,,
2/1/08,Sour Cream and Chive,2oz,880,,,,,,,,,,,,,,,,,,,,,,,,,
3/1/08,Sour Cream and Chive,2oz,473,,,,,,,,,,,,,,,,,,,,,,,,,
4/1/08,Sour Cream and Chive,2oz,930,,,,,,,,,,,,,,,,,,,,,,,,,
5/1/08,Sour Cream and Chive,2oz,579,,,,,,,,,,,,,,,,,,,,,,,,,
6/1/08,Sour Cream and Chive,2oz,751,,,,,,,,,,,,,,,,,,,,,,,,,
7/1/08,Sour Cream and Chive,2oz,1025,,,,,,,,,,,,,,,,,,,,,,,,,
8/1/08,Sour Cream and Chive,2oz,489,,,,,,,,,,,,,,,,,,,,,,,,,
9/1/08,Sour Cream and Chive,2oz,1264,,,,,,,,,,,,,,,,,,,,,,,,,
10/1/08,Sour Cream and Chive,2oz,711,,,,,,,,,,,,,,,,,,,,,,,,,
11/1/08,Sour Cream and Chive,2oz,699,,,,,,,,,,,,,,,,,,,,,,,,,
12/1/08,Sour Cream and Chive,2oz,379,,,,,,,,,,,,,,,,,,,,,,,,,
1/1/09,Sour Cream and Chive,2oz,580,,,,,,,,,,,,,,,,,,,,,,,,,
2/1/09,Sour Cream and Chive,2oz,722,,,,,,,,,,,,,,,,,,,,,,,,,
3/1/09,Sour Cream and Chive,2oz,829,,,,,,,,,,,,,,,,,,,,,,,,,
4/1/09,Sour Cream and Chive,2oz,917,,,,,,,,,,,,,,,,,,,,,,,,,
5/1/09,Sour Cream and Chive,2oz,972,,,,,,,,,,,,,,,,,,,,,,,,,
6/1/09,Sour Cream and Chive,2oz,763,,,,,,,,,,,,,,,,,,,,,,,,,
7/1/09,Sour Cream and Chive,2oz,629,,,,,,,,,,,,,,,,,,,,,,,,,
8/1/09,Sour Cream and Chive,2oz,1044,,,,,,,,,,,,,,,,,,,,,,,,,
9/1/09,Sour Cream and Chive,2oz,1036,,,,,,,,,,,,,,,,,,,,,,,,,
10/1/09,Sour Cream and Chive,2oz,656,,,,,,,,,,,,,,,,,,,,,,,,,
11/1/09,Sour Cream and Chive,2oz,771,,,,,,,,,,,,,,,,,,,,,,,,,
12/1/09,Sour Cream and Chive,2oz,657,,,,,,,,,,,,,,,,,,,,,,,,,
1/1/10,Sour Cream and Chive,2oz,609,,,,,,,,,,,,,,,,,,,,,,,,,
2/1/10,Sour Cream and Chive,2oz,890,,,,,,,,,,,,,,,,,,,,,,,,,
3/1/10,Sour Cream and Chive,2oz,930,,,,,,,,,,,,,,,,,,,,,,,,,
4/1/10,Sour Cream and Chive,2oz,999,,,,,,,,,,,,,,,,,,,,,,,,,
5/1/10,Sour Cream and Chive,2oz,894,,,,,,,,,,,,,,,,,,,,,,,,,
6/1/10,Sour Cream and Chive,2oz,1236,,,,,,,,,,,,,,,,,,,,,,,,,
7/1/10,Sour Cream and Chive,2oz,778,,,,,,,,,,,,,,,,,,,,,,,,,
8/1/10,Sour Cream and Chive,2oz,1000,,,,,,,,,,,,,,,,,,,,,,,,,
9/1/10,Sour Cream and Chive,2oz,1007,,,,,,,,,,,,,,,,,,,,,,,,,
10/1/10,Sour Cream and Chive,2oz,1172,,,,,,,,,,,,,,,,,,,,,,,,,
11/1/10,Sour Cream and Chive,2oz,842,,,,,,,,,,,,,,,,,,,,,,,,,
12/1/10,Sour Cream and Chive,2oz,448,,,,,,,,,,,,,,,,,,,,,,,,,
4/1/06,Sour Cream and Chive,6oz,349,,,,,,,,,,,,,,,,,,,,,,,,,
5/1/06,Sour Cream and Chive,6oz,273,,,,,,,,,,,,,,,,,,,,,,,,,
6/1/06,Sour Cream and Chive,6oz,234,,,,,,,,,,,,,,,,,,,,,,,,,
7/1/06,Sour Cream and Chive,6oz,235,,,,,,,,,,,,,,,,,,,,,,,,,
8/1/06,Sour Cream and Chive,6oz,314,,,,,,,,,,,,,,,,,,,,,,,,,
9/1/06,Sour Cream and Chive,6oz,281,,,,,,,,,,,,,,,,,,,,,,,,,
10/1/06,Sour Cream and Chive,6oz,194,,,,,,,,,,,,,,,,,,,,,,,,,
11/1/06,Sour Cream and Chive,6oz,334,,,,,,,,,,,,,,,,,,,,,,,,,
12/1/06,Sour Cream and Chive,6oz,211,,,,,,,,,,,,,,,,,,,,,,,,,
1/1/07,Sour Cream and Chive,6oz,245,,,,,,,,,,,,,,,,,,,,,,,,,
2/1/07,Sour Cream and Chive,6oz,208,,,,,,,,,,,,,,,,,,,,,,,,,
3/1/07,Sour Cream and Chive,6oz,274,,,,,,,,,,,,,,,,,,,,,,,,,
4/1/07,Sour Cream and Chive,6oz,255,,,,,,,,,,,,,,,,,,,,,,,,,
5/1/07,Sour Cream and Chive,6oz,231,,,,,,,,,,,,,,,,,,,,,,,,,
6/1/07,Sour Cream and Chive,6oz,307,,,,,,,,,,,,,,,,,,,,,,,,,
7/1/07,Sour Cream and Chive,6oz,274,,,,,,,,,,,,,,,,,,,,,,,,,
8/1/07,Sour Cream and Chive,6oz,341,,,,,,,,,,,,,,,,,,,,,,,,,
9/1/07,Sour Cream and Chive,6oz,218,,,,,,,,,,,,,,,,,,,,,,,,,
10/1/07,Sour Cream and Chive,6oz,303,,,,,,,,,,,,,,,,,,,,,,,,,
11/1/07,Sour Cream and Chive,6oz,250,,,,,,,,,,,,,,,,,,,,,,,,,
12/1/07,Sour Cream and Chive,6oz,103,,,,,,,,,,,,,,,,,,,,,,,,,
1/1/08,Sour Cream and Chive,6oz,185,,,,,,,,,,,,,,,,,,,,,,,,,
2/1/08,Sour Cream and Chive,6oz,192,,,,,,,,,,,,,,,,,,,,,,,,,
3/1/08,Sour Cream and Chive,6oz,195,,,,,,,,,,,,,,,,,,,,,,,,,
4/1/08,Sour Cream and Chive,6oz,273,,,,,,,,,,,,,,,,,,,,,,,,,
5/1/08,Sour Cream and Chive,6oz,148,,,,,,,,,,,,,,,,,,,,,,,,,
6/1/08,Sour Cream and Chive,6oz,233,,,,,,,,,,,,,,,,,,,,,,,,,
7/1/08,Sour Cream and Chive,6oz,451,,,,,,,,,,,,,,,,,,,,,,,,,
8/1/08,Sour Cream and Chive,6oz,190,,,,,,,,,,,,,,,,,,,,,,,,,
9/1/08,Sour Cream and Chive,6oz,276,,,,,,,,,,,,,,,,,,,,,,,,,
10/1/08,Sour Cream and Chive,6oz,266,,,,,,,,,,,,,,,,,,,,,,,,,
11/1/08,Sour Cream and Chive,6oz,231,,,,,,,,,,,,,,,,,,,,,,,,,
12/1/08,Sour Cream and Chive,6oz,194,,,,,,,,,,,,,,,,,,,,,,,,,
1/1/09,Sour Cream and Chive,6oz,319,,,,,,,,,,,,,,,,,,,,,,,,,
2/1/09,Sour Cream and Chive,6oz,163,,,,,,,,,,,,,,,,,,,,,,,,,
3/1/09,Sour Cream and Chive,6oz,271,,,,,,,,,,,,,,,,,,,,,,,,,
4/1/09,Sour Cream and Chive,6oz,258,,,,,,,,,,,,,,,,,,,,,,,,,
5/1/09,Sour Cream and Chive,6oz,363,,,,,,,,,,,,,,,,,,,,,,,,,
6/1/09,Sour Cream and Chive,6oz,449,,,,,,,,,,,,,,,,,,,,,,,,,
7/1/09,Sour Cream and Chive,6oz,391,,,,,,,,,,,,,,,,,,,,,,,,,
8/1/09,Sour Cream and Chive,6oz,264,,,,,,,,,,,,,,,,,,,,,,,,,
9/1/09,Sour Cream and Chive,6oz,307,,,,,,,,,,,,,,,,,,,,,,,,,
10/1/09,Sour Cream and Chive,6oz,153,,,,,,,,,,,,,,,,,,,,,,,,,
11/1/09,Sour Cream and Chive,6oz,270,,,,,,,,,,,,,,,,,,,,,,,,,
12/1/09,Sour Cream and Chive,6oz,382,,,,,,,,,,,,,,,,,,,,,,,,,
1/1/10,Sour Cream and Chive,6oz,263,,,,,,,,,,,,,,,,,,,,,,,,,
2/1/10,Sour Cream and Chive,6oz,198,,,,,,,,,,,,,,,,,,,,,,,,,
3/1/10,Sour Cream and Chive,6oz,322,,,,,,,,,,,,,,,,,,,,,,,,,
4/1/10,Sour Cream and Chive,6oz,436,,,,,,,,,,,,,,,,,,,,,,,,,
5/1/10,Sour Cream and Chive,6oz,411,,,,,,,,,,,,,,,,,,,,,,,,,
6/1/10,Sour Cream and Chive,6oz,435,,,,,,,,,,,,,,,,,,,,,,,,,
7/1/10,Sour Cream and Chive,6oz,306,,,,,,,,,,,,,,,,,,,,,,,,,
8/1/10,Sour Cream and Chive,6oz,481,,,,,,,,,,,,,,,,,,,,,,,,,
9/1/10,Sour Cream and Chive,6oz,369,,,,,,,,,,,,,,,,,,,,,,,,,
10/1/10,Sour Cream and Chive,6oz,443,,,,,,,,,,,,,,,,,,,,,,,,,
11/1/10,Sour Cream and Chive,6oz,211,,,,,,,,,,,,,,,,,,,,,,,,,
12/1/10,Sour Cream and Chive,6oz,372,,,,,,2oz,,,,,,,,,,,,,,,,,,,
4/1/06,Chesapeake Crab,2oz,253,,,,,,2oz,,,,,,,,,,,,,,,,,,,
5/1/06,Chesapeake Crab,2oz,441,,,,,,2oz,,,,,,,,,,,,,,,,,,,
6/1/06,Chesapeake Crab,2oz,390,,,,,,2oz,,,,,,,,,,,,,,,,,,,
7/1/06,Chesapeake Crab,2oz,339,,,,,,2oz,,,,,,,,,,,,,,,,,,,
8/1/06,Chesapeake Crab,2oz,440,,,,,,2oz,,,,,,,,,,,,,,,,,,,
9/1/06,Chesapeake Crab,2oz,377,,,,,,2oz,,,,,,,,,,,,,,,,,,,
10/1/06,Chesapeake Crab,2oz,427,,,,,,2oz,,,,,,,,,,,,,,,,,,,
11/1/06,Chesapeake Crab,2oz,349,,,,,,2oz,,,,,,,,,,,,,,,,,,,
12/1/06,Chesapeake Crab,2oz,338,,,,,,2oz,,,,,,,,,,,,,,,,,,,
1/1/07,Chesapeake Crab,2oz,194,,,,,,2oz,,,,,,,,,,,,,,,,,,,
2/1/07,Chesapeake Crab,2oz,298,,,,,,2oz,,,,,,,,,,,,,,,,,,,
3/1/07,Chesapeake Crab,2oz,316,,,,,,2oz,,,,,,,,,,,,,,,,,,,
4/1/07,Chesapeake Crab,2oz,288,,,,,,2oz,,,,,,,,,,,,,,,,,,,
5/1/07,Chesapeake Crab,2oz,352,,,,,,2oz,,,,,,,,,,,,,,,,,,,
6/1/07,Chesapeake Crab,2oz,403,,,,,,2oz,,,,,,,,,,,,,,,,,,,
7/1/07,Chesapeake Crab,2oz,468,,,,,,2oz,,,,,,,,,,,,,,,,,,,
8/1/07,Chesapeake Crab,2oz,472,,,,,,2oz,,,,,,,,,,,,,,,,,,,
9/1/07,Chesapeake Crab,2oz,121,,,,,,2oz,,,,,,,,,,,,,,,,,,,
10/1/07,Chesapeake Crab,2oz,18,,,,,,2oz,,,,,,,,,,,,,,,,,,,
11/1/07,Chesapeake Crab,2oz,313,,,,,,2oz,,,,,,,,,,,,,,,,,,,
12/1/07,Chesapeake Crab,2oz,210,,,,,,2oz,,,,,,,,,,,,,,,,,,,
1/1/08,Chesapeake Crab,2oz,258,,,,,,2oz,,,,,,,,,,,,,,,,,,,
2/1/08,Chesapeake Crab,2oz,410,,,,,,2oz,,,,,,,,,,,,,,,,,,,
3/1/08,Chesapeake Crab,2oz,219,,,,,,2oz,,,,,,,,,,,,,,,,,,,
4/1/08,Chesapeake Crab,2oz,336,,,,,,2oz,,,,,,,,,,,,,,,,,,,
5/1/08,Chesapeake Crab,2oz,261,,,,,,2oz,,,,,,,,,,,,,,,,,,,
6/1/08,Chesapeake Crab,2oz,152,,,,,,2oz,,,,,,,,,,,,,,,,,,,
7/1/08,Chesapeake Crab,2oz,766,,,,,,2oz,,,,,,,,,,,,,,,,,,,
8/1/08,Chesapeake Crab,2oz,256,,,,,,2oz,,,,,,,,,,,,,,,,,,,
9/1/08,Chesapeake Crab,2oz,497,,,,,,2oz,,,,,,,,,,,,,,,,,,,
10/1/08,Chesapeake Crab,2oz,559,,,,,,2oz,,,,,,,,,,,,,,,,,,,
11/1/08,Chesapeake Crab,2oz,129,,,,,,2oz,,,,,,,,,,,,,,,,,,,
12/1/08,Chesapeake Crab,2oz,122,,,,,,2oz,,,,,,,,,,,,,,,,,,,
1/1/09,Chesapeake Crab,2oz,263,,,,,,2oz,,,,,,,,,,,,,,,,,,,
2/1/09,Chesapeake Crab,2oz,325,,,,,,2oz,,,,,,,,,,,,,,,,,,,
3/1/09,Chesapeake Crab,2oz,520,,,,,,2oz,,,,,,,,,,,,,,,,,,,
4/1/09,Chesapeake Crab,2oz,378,,,,,,2oz,,,,,,,,,,,,,,,,,,,
5/1/09,Chesapeake Crab,2oz,493,,,,,,2oz,,,,,,,,,,,,,,,,,,,
6/1/09,Chesapeake Crab,2oz,305,,,,,,2oz,,,,,,,,,,,,,,,,,,,
7/1/09,Chesapeake Crab,2oz,489,,,,,,2oz,,,,,,,,,,,,,,,,,,,
8/1/09,Chesapeake Crab,2oz,426,,,,,,2oz,,,,,,,,,,,,,,,,,,,
9/1/09,Chesapeake Crab,2oz,506,,,,,,2oz,,,,,,,,,,,,,,,,,,,
10/1/09,Chesapeake Crab,2oz,421,,,,,,2oz,,,,,,,,,,,,,,,,,,,
11/1/09,Chesapeake Crab,2oz,471,,,,,,2oz,,,,,,,,,,,,,,,,,,,
12/1/09,Chesapeake Crab,2oz,214,,,,,,2oz,,,,,,,,,,,,,,,,,,,
1/1/10,Chesapeake Crab,2oz,385,,,,,,2oz,,,,,,,,,,,,,,,,,,,
2/1/10,Chesapeake Crab,2oz,365,,,,,,2oz,,,,,,,,,,,,,,,,,,,
3/1/10,Chesapeake Crab,2oz,505,,,,,,2oz,,,,,,,,,,,,,,,,,,,
4/1/10,Chesapeake Crab,2oz,653,,,,,,2oz,,,,,,,,,,,,,,,,,,,
5/1/10,Chesapeake Crab,2oz,489,,,,,,2oz,,,,,,,,,,,,,,,,,,,
6/1/10,Chesapeake Crab,2oz,674,,,,,,2oz,,,,,,,,,,,,,,,,,,,
7/1/10,Chesapeake Crab,2oz,484,,,,,,2oz,,,,,,,,,,,,,,,,,,,
8/1/10,Chesapeake Crab,2oz,604,,,,,,2oz,,,,,,,,,,,,,,,,,,,
9/1/10,Chesapeake Crab,2oz,422,,,,,,2oz,,,,,,,,,,,,,,,,,,,
10/1/10,Chesapeake Crab,2oz,672,,,,,,2oz,,,,,,,,,,,,,,,,,,,
11/1/10,Chesapeake Crab,2oz,511,,,,,,2oz,,,,,,,,,,,,,,,,,,,
12/1/10,Chesapeake Crab,2oz,253,,,,,,6oz,,,,,,,,,,,,,,,,,,,
4/1/06,Chesapeake Crab,6oz,169,,,,,,6oz,,,,,,,,,,,,,,,,,,,
5/1/06,Chesapeake Crab,6oz,174,,,,,,6oz,,,,,,,,,,,,,,,,,,,
6/1/06,Chesapeake Crab,6oz,132,,,,,,6oz,,,,,,,,,,,,,,,,,,,
7/1/06,Chesapeake Crab,6oz,190,,,,,,6oz,,,,,,,,,,,,,,,,,,,
8/1/06,Chesapeake Crab,6oz,203,,,,,,6oz,,,,,,,,,,,,,,,,,,,
9/1/06,Chesapeake Crab,6oz,60,,,,,,6oz,,,,,,,,,,,,,,,,,,,
10/1/06,Chesapeake Crab,6oz,197,,,,,,6oz,,,,,,,,,,,,,,,,,,,
11/1/06,Chesapeake Crab,6oz,203,,,,,,6oz,,,,,,,,,,,,,,,,,,,
12/1/06,Chesapeake Crab,6oz,118,,,,,,6oz,,,,,,,,,,,,,,,,,,,
1/1/07,Chesapeake Crab,6oz,52,,,,,,6oz,,,,,,,,,,,,,,,,,,,
2/1/07,Chesapeake Crab,6oz,55,,,,,,6oz,,,,,,,,,,,,,,,,,,,
3/1/07,Chesapeake Crab,6oz,144,,,,,,6oz,,,,,,,,,,,,,,,,,,,
4/1/07,Chesapeake Crab,6oz,70,,,,,,6oz,,,,,,,,,,,,,,,,,,,
5/1/07,Chesapeake Crab,6oz,131,,,,,,6oz,,,,,,,,,,,,,,,,,,,
6/1/07,Chesapeake Crab,6oz,141,,,,,,6oz,,,,,,,,,,,,,,,,,,,
7/1/07,Chesapeake Crab,6oz,146,,,,,,6oz,,,,,,,,,,,,,,,,,,,
8/1/07,Chesapeake Crab,6oz,163,,,,,,6oz,,,,,,,,,,,,,,,,,,,
9/1/07,Chesapeake Crab,6oz,81,,,,,,6oz,,,,,,,,,,,,,,,,,,,
10/1/07,Chesapeake Crab,6oz,90,,,,,,6oz,,,,,,,,,,,,,,,,,,,
11/1/07,Chesapeake Crab,6oz,129,,,,,,6oz,,,,,,,,,,,,,,,,,,,
12/1/07,Chesapeake Crab,6oz,49,,,,,,6oz,,,,,,,,,,,,,,,,,,,
1/1/08,Chesapeake Crab,6oz,95,,,,,,6oz,,,,,,,,,,,,,,,,,,,
2/1/08,Chesapeake Crab,6oz,115,,,,,,6oz,,,,,,,,,,,,,,,,,,,
3/1/08,Chesapeake Crab,6oz,99,,,,,,6oz,,,,,,,,,,,,,,,,,,,
4/1/08,Chesapeake Crab,6oz,58,,,,,,6oz,,,,,,,,,,,,,,,,,,,
5/1/08,Chesapeake Crab,6oz,108,,,,,,6oz,,,,,,,,,,,,,,,,,,,
6/1/08,Chesapeake Crab,6oz,93,,,,,,6oz,,,,,,,,,,,,,,,,,,,
7/1/08,Chesapeake Crab,6oz,267,,,,,,6oz,,,,,,,,,,,,,,,,,,,
8/1/08,Chesapeake Crab,6oz,171,,,,,,6oz,,,,,,,,,,,,,,,,,,,
9/1/08,Chesapeake Crab,6oz,183,,,,,,6oz,,,,,,,,,,,,,,,,,,,
10/1/08,Chesapeake Crab,6oz,141,,,,,,6oz,,,,,,,,,,,,,,,,,,,
11/1/08,Chesapeake Crab,6oz,59,,,,,,6oz,,,,,,,,,,,,,,,,,,,
12/1/08,Chesapeake Crab,6oz,84,,,,,,6oz,,,,,,,,,,,,,,,,,,,
1/1/09,Chesapeake Crab,6oz,81,,,,,,6oz,,,,,,,,,,,,,,,,,,,
2/1/09,Chesapeake Crab,6oz,77,,,,,,6oz,,,,,,,,,,,,,,,,,,,
3/1/09,Chesapeake Crab,6oz,165,,,,,,6oz,,,,,,,,,,,,,,,,,,,
4/1/09,Chesapeake Crab,6oz,1170,,,,,,6oz,,,,,,,,,,,,,,,,,,,
5/1/09,Chesapeake Crab,6oz,214,,,,,,6oz,,,,,,,,,,,,,,,,,,,
6/1/09,Chesapeake Crab,6oz,131,,,,,,6oz,,,,,,,,,,,,,,,,,,,
7/1/09,Chesapeake Crab,6oz,238,,,,,,6oz,,,,,,,,,,,,,,,,,,,
8/1/09,Chesapeake Crab,6oz,169,,,,,,6oz,,,,,,,,,,,,,,,,,,,
9/1/09,Chesapeake Crab,6oz,144,,,,,,6oz,,,,,,,,,,,,,,,,,,,
10/1/09,Chesapeake Crab,6oz,104,,,,,,6oz,,,,,,,,,,,,,,,,,,,
11/1/09,Chesapeake Crab,6oz,161,,,,,,6oz,,,,,,,,,,,,,,,,,,,
12/1/09,Chesapeake Crab,6oz,173,,,,,,6oz,,,,,,,,,,,,,,,,,,,
1/1/10,Chesapeake Crab,6oz,115,,,,,,6oz,,,,,,,,,,,,,,,,,,,
2/1/10,Chesapeake Crab,6oz,71,,,,,,6oz,,,,,,,,,,,,,,,,,,,
3/1/10,Chesapeake Crab,6oz,209,,,,,,6oz,,,,,,,,,,,,,,,,,,,
4/1/10,Chesapeake Crab,6oz,293,,,,,,6oz,,,,,,,,,,,,,,,,,,,
5/1/10,Chesapeake Crab,6oz,273,,,,,,6oz,,,,,,,,,,,,,,,,,,,
6/1/10,Chesapeake Crab,6oz,210,,,,,,6oz,,,,,,,,,,,,,,,,,,,
7/1/10,Chesapeake Crab,6oz,254,,,,,,6oz,,,,,,,,,,,,,,,,,,,
8/1/10,Chesapeake Crab,6oz,812,,,,,,6oz,,,,,,,,,,,,,,,,,,,
9/1/10,Chesapeake Crab,6oz,140,,,,,,6oz,,,,,,,,,,,,,,,,,,,
10/1/10,Chesapeake Crab,6oz,269,,,,,,6oz,,,,,,,,,,,,,,,,,,,
11/1/10,Chesapeake Crab,6oz,156,,,,,,6oz,,,,,,,,,,,,,,,,,,,
12/1/10,Chesapeake Crab,6oz,146,,,,,,,,,,,,,,,,,,,,,,,,,
4/1/06,Salt and Vinegar,2oz,781,,,,,,,,,,,,,,,,,,,,,,,,,
5/1/06,Salt and Vinegar,2oz,865,,,,,,,,,,,,,,,,,,,,,,,,,
6/1/06,Salt and Vinegar,2oz,909,,,,,,,,,,,,,,,,,,,,,,,,,
7/1/06,Salt and Vinegar,2oz,674,,,,,,,,,,,,,,,,,,,,,,,,,
8/1/06,Salt and Vinegar,2oz,1092,,,,,,,,,,,,,,,,,,,,,,,,,
9/1/06,Salt and Vinegar,2oz,953,,,,,,,,,,,,,,,,,,,,,,,,,
10/1/06,Salt and Vinegar,2oz,716,,,,,,,,,,,,,,,,,,,,,,,,,
11/1/06,Salt and Vinegar,2oz,1081,,,,,,,,,,,,,,,,,,,,,,,,,
12/1/06,Salt and Vinegar,2oz,609,,,,,,,,,,,,,,,,,,,,,,,,,
1/1/07,Salt and Vinegar,2oz,769,,,,,,,,,,,,,,,,,,,,,,,,,
2/1/07,Salt and Vinegar,2oz,663,,,,,,,,,,,,,,,,,,,,,,,,,
3/1/07,Salt and Vinegar,2oz,804,,,,,,,,,,,,,,,,,,,,,,,,,
4/1/07,Salt and Vinegar,2oz,742,,,,,,,,,,,,,,,,,,,,,,,,,
5/1/07,Salt and Vinegar,2oz,937,,,,,,,,,,,,,,,,,,,,,,,,,
6/1/07,Salt and Vinegar,2oz,839,,,,,,,,,,,,,,,,,,,,,,,,,
7/1/07,Salt and Vinegar,2oz,1156,,,,,,,,,,,,,,,,,,,,,,,,,
8/1/07,Salt and Vinegar,2oz,815,,,,,,,,,,,,,,,,,,,,,,,,,
9/1/07,Salt and Vinegar,2oz,752,,,,,,,,,,,,,,,,,,,,,,,,,
10/1/07,Salt and Vinegar,2oz,1234,,,,,,,,,,,,,,,,,,,,,,,,,
11/1/07,Salt and Vinegar,2oz,771,,,,,,,,,,,,,,,,,,,,,,,,,
12/1/07,Salt and Vinegar,2oz,587,,,,,,,,,,,,,,,,,,,,,,,,,
1/1/08,Salt and Vinegar,2oz,784,,,,,,,,,,,,,,,,,,,,,,,,,
2/1/08,Salt and Vinegar,2oz,857,,,,,,,,,,,,,,,,,,,,,,,,,
3/1/08,Salt and Vinegar,2oz,483,,,,,,,,,,,,,,,,,,,,,,,,,
4/1/08,Salt and Vinegar,2oz,926,,,,,,,,,,,,,,,,,,,,,,,,,
5/1/08,Salt and Vinegar,2oz,507,,,,,,,,,,,,,,,,,,,,,,,,,
6/1/08,Salt and Vinegar,2oz,840,,,,,,,,,,,,,,,,,,,,,,,,,
7/1/08,Salt and Vinegar,2oz,1048,,,,,,,,,,,,,,,,,,,,,,,,,
8/1/08,Salt and Vinegar,2oz,903,,,,,,,,,,,,,,,,,,,,,,,,,
9/1/08,Salt and Vinegar,2oz,1092,,,,,,,,,,,,,,,,,,,,,,,,,
10/1/08,Salt and Vinegar,2oz,157,,,,,,,,,,,,,,,,,,,,,,,,,
11/1/08,Salt and Vinegar,2oz,882,,,,,,,,,,,,,,,,,,,,,,,,,
12/1/08,Salt and Vinegar,2oz,551,,,,,,,,,,,,,,,,,,,,,,,,,
1/1/09,Salt and Vinegar,2oz,625,,,,,,,,,,,,,,,,,,,,,,,,,
2/1/09,Salt and Vinegar,2oz,735,,,,,,,,,,,,,,,,,,,,,,,,,
3/1/09,Salt and Vinegar,2oz,961,,,,,,,,,,,,,,,,,,,,,,,,,
4/1/09,Salt and Vinegar,2oz,947,,,,,,,,,,,,,,,,,,,,,,,,,
5/1/09,Salt and Vinegar,2oz,984,,,,,,,,,,,,,,,,,,,,,,,,,
6/1/09,Salt and Vinegar,2oz,741,,,,,,,,,,,,,,,,,,,,,,,,,
7/1/09,Salt and Vinegar,2oz,938,,,,,,,,,,,,,,,,,,,,,,,,,
8/1/09,Salt and Vinegar,2oz,978,,,,,,,,,,,,,,,,,,,,,,,,,
9/1/09,Salt and Vinegar,2oz,918,,,,,,,,,,,,,,,,,,,,,,,,,
10/1/09,Salt and Vinegar,2oz,701,,,,,,,,,,,,,,,,,,,,,,,,,
11/1/09,Salt and Vinegar,2oz,773,,,,,,,,,,,,,,,,,,,,,,,,,
12/1/09,Salt and Vinegar,2oz,656,,,,,,,,,,,,,,,,,,,,,,,,,
1/1/10,Salt and Vinegar,2oz,590,,,,,,,,,,,,,,,,,,,,,,,,,
2/1/10,Salt and Vinegar,2oz,738,,,,,,,,,,,,,,,,,,,,,,,,,
3/1/10,Salt and Vinegar,2oz,895,,,,,,,,,,,,,,,,,,,,,,,,,
4/1/10,Salt and Vinegar,2oz,1017,,,,,,,,,,,,,,,,,,,,,,,,,
5/1/10,Salt and Vinegar,2oz,917,,,,,,,,,,,,,,,,,,,,,,,,,
6/1/10,Salt and Vinegar,2oz,1064,,,,,,,,,,,,,,,,,,,,,,,,,
7/1/10,Salt and Vinegar,2oz,656,,,,,,,,,,,,,,,,,,,,,,,,,
8/1/10,Salt and Vinegar,2oz,1032,,,,,,,,,,,,,,,,,,,,,,,,,
9/1/10,Salt and Vinegar,2oz,756,,,,,,,,,,,,,,,,,,,,,,,,,
10/1/10,Salt and Vinegar,2oz,969,,,,,,,,,,,,,,,,,,,,,,,,,
11/1/10,Salt and Vinegar,2oz,929,,,,,,,,,,,,,,,,,,,,,,,,,
12/1/10,Salt and Vinegar,2oz,440,,,,,,,,,,,,,,,,,,,,,,,,,
4/1/06,Salt and Vinegar,6oz,278,,,,,,,,,,,,,,,,,,,,,,,,,
5/1/06,Salt and Vinegar,6oz,288,,,,,,,,,,,,,,,,,,,,,,,,,
6/1/06,Salt and Vinegar,6oz,242,,,,,,,,,,,,,,,,,,,,,,,,,
7/1/06,Salt and Vinegar,6oz,219,,,,,,,,,,,,,,,,,,,,,,,,,
8/1/06,Salt and Vinegar,6oz,267,,,,,,,,,,,,,,,,,,,,,,,,,
9/1/06,Salt and Vinegar,6oz,216,,,,,,,,,,,,,,,,,,,,,,,,,
10/1/06,Salt and Vinegar,6oz,194,,,,,,,,,,,,,,,,,,,,,,,,,
11/1/06,Salt and Vinegar,6oz,342,,,,,,,,,,,,,,,,,,,,,,,,,
12/1/06,Salt and Vinegar,6oz,143,,,,,,,,,,,,,,,,,,,,,,,,,
1/1/07,Salt and Vinegar,6oz,127,,,,,,,,,,,,,,,,,,,,,,,,,
2/1/07,Salt and Vinegar,6oz,135,,,,,,,,,,,,,,,,,,,,,,,,,
3/1/07,Salt and Vinegar,6oz,208,,,,,,,,,,,,,,,,,,,,,,,,,
4/1/07,Salt and Vinegar,6oz,161,,,,,,,,,,,,,,,,,,,,,,,,,
5/1/07,Salt and Vinegar,6oz,306,,,,,,,,,,,,,,,,,,,,,,,,,
6/1/07,Salt and Vinegar,6oz,232,,,,,,,,,,,,,,,,,,,,,,,,,
7/1/07,Salt and Vinegar,6oz,281,,,,,,,,,,,,,,,,,,,,,,,,,
8/1/07,Salt and Vinegar,6oz,256,,,,,,,,,,,,,,,,,,,,,,,,,
9/1/07,Salt and Vinegar,6oz,228,,,,,,,,,,,,,,,,,,,,,,,,,
10/1/07,Salt and Vinegar,6oz,219,,,,,,,,,,,,,,,,,,,,,,,,,
11/1/07,Salt and Vinegar,6oz,250,,,,,,,,,,,,,,,,,,,,,,,,,
12/1/07,Salt and Vinegar,6oz,112,,,,,,,,,,,,,,,,,,,,,,,,,
1/1/08,Salt and Vinegar,6oz,160,,,,,,,,,,,,,,,,,,,,,,,,,
2/1/08,Salt and Vinegar,6oz,207,,,,,,,,,,,,,,,,,,,,,,,,,
3/1/08,Salt and Vinegar,6oz,190,,,,,,,,,,,,,,,,,,,,,,,,,
4/1/08,Salt and Vinegar,6oz,243,,,,,,,,,,,,,,,,,,,,,,,,,
5/1/08,Salt and Vinegar,6oz,150,,,,,,,,,,,,,,,,,,,,,,,,,
6/1/08,Salt and Vinegar,6oz,316,,,,,,,,,,,,,,,,,,,,,,,,,
7/1/08,Salt and Vinegar,6oz,401,,,,,,,,,,,,,,,,,,,,,,,,,
8/1/08,Salt and Vinegar,6oz,163,,,,,,,,,,,,,,,,,,,,,,,,,
9/1/08,Salt and Vinegar,6oz,251,,,,,,,,,,,,,,,,,,,,,,,,,
10/1/08,Salt and Vinegar,6oz,85,,,,,,,,,,,,,,,,,,,,,,,,,
11/1/08,Salt and Vinegar,6oz,195,,,,,,,,,,,,,,,,,,,,,,,,,
12/1/08,Salt and Vinegar,6oz,193,,,,,,,,,,,,,,,,,,,,,,,,,
1/1/09,Salt and Vinegar,6oz,181,,,,,,,,,,,,,,,,,,,,,,,,,
2/1/09,Salt and Vinegar,6oz,153,,,,,,,,,,,,,,,,,,,,,,,,,
3/1/09,Salt and Vinegar,6oz,292,,,,,,,,,,,,,,,,,,,,,,,,,
4/1/09,Salt and Vinegar,6oz,863,,,,,,,,,,,,,,,,,,,,,,,,,
5/1/09,Salt and Vinegar,6oz,228,,,,,,,,,,,,,,,,,,,,,,,,,
6/1/09,Salt and Vinegar,6oz,265,,,,,,,,,,,,,,,,,,,,,,,,,
7/1/09,Salt and Vinegar,6oz,302,,,,,,,,,,,,,,,,,,,,,,,,,
8/1/09,Salt and Vinegar,6oz,240,,,,,,,,,,,,,,,,,,,,,,,,,
9/1/09,Salt and Vinegar,6oz,221,,,,,,,,,,,,,,,,,,,,,,,,,
10/1/09,Salt and Vinegar,6oz,166,,,,,,,,,,,,,,,,,,,,,,,,,
11/1/09,Salt and Vinegar,6oz,193,,,,,,,,,,,,,,,,,,,,,,,,,
12/1/09,Salt and Vinegar,6oz,162,,,,,,,,,,,,,,,,,,,,,,,,,
1/1/10,Salt and Vinegar,6oz,145,,,,,,,,,,,,,,,,,,,,,,,,,
2/1/10,Salt and Vinegar,6oz,212,,,,,,,,,,,,,,,,,,,,,,,,,
3/1/10,Salt and Vinegar,6oz,217,,,,,,,,,,,,,,,,,,,,,,,,,
4/1/10,Salt and Vinegar,6oz,357,,,,,,,,,,,,,,,,,,,,,,,,,
5/1/10,Salt and Vinegar,6oz,315,,,,,,,,,,,,,,,,,,,,,,,,,
6/1/10,Salt and Vinegar,6oz,319,,,,,,,,,,,,,,,,,,,,,,,,,
7/1/10,Salt and Vinegar,6oz,337,,,,,,,,,,,,,,,,,,,,,,,,,
8/1/10,Salt and Vinegar,6oz,824,,,,,,,,,,,,,,,,,,,,,,,,,
9/1/10,Salt and Vinegar,6oz,249,,,,,,,,,,,,,,,,,,,,,,,,,
10/1/10,Salt and Vinegar,6oz,437,,,,,,,,,,,,,,,,,,,,,,,,,
11/1/10,Salt and Vinegar,6oz,197,,,,,,,,,,,,,,,,,,,,,,,,,
12/1/10,Salt and Vinegar,6oz,175,,,,,,,,,,,,,,,,,,,,,,,,,
4/1/06,Garlic and Herb,2oz,212,,,,,,,,,,,,,,,,,,,,,,,,,
5/1/06,Garlic and Herb,2oz,528,,,,,,,,,,,,,,,,,,,,,,,,,
6/1/06,Garlic and Herb,2oz,395,,,,,,,,,,,,,,,,,,,,,,,,,
7/1/06,Garlic and Herb,2oz,294,,,,,,,,,,,,,,,,,,,,,,,,,
8/1/06,Garlic and Herb,2oz,448,,,,,,,,,,,,,,,,,,,,,,,,,
9/1/06,Garlic and Herb,2oz,325,,,,,,,,,,,,,,,,,,,,,,,,,
10/1/06,Garlic and Herb,2oz,339,,,,,,,,,,,,,,,,,,,,,,,,,
11/1/06,Garlic and Herb,2oz,295,,,,,,,,,,,,,,,,,,,,,,,,,
12/1/06,Garlic and Herb,2oz,151,,,,,,,,,,,,,,,,,,,,,,,,,
1/1/07,Garlic and Herb,2oz,226,,,,,,,,,,,,,,,,,,,,,,,,,
2/1/07,Garlic and Herb,2oz,226,,,,,,,,,,,,,,,,,,,,,,,,,
3/1/07,Garlic and Herb,2oz,211,,,,,,,,,,,,,,,,,,,,,,,,,
4/1/07,Garlic and Herb,2oz,252,,,,,,,,,,,,,,,,,,,,,,,,,
5/1/07,Garlic and Herb,2oz,313,,,,,,,,,,,,,,,,,,,,,,,,,
6/1/07,Garlic and Herb,2oz,398,,,,,,,,,,,,,,,,,,,,,,,,,
7/1/07,Garlic and Herb,2oz,457,,,,,,,,,,,,,,,,,,,,,,,,,
8/1/07,Garlic and Herb,2oz,402,,,,,,,,,,,,,,,,,,,,,,,,,
9/1/07,Garlic and Herb,2oz,271,,,,,,,,,,,,,,,,,,,,,,,,,
10/1/07,Garlic and Herb,2oz,445,,,,,,,,,,,,,,,,,,,,,,,,,
11/1/07,Garlic and Herb,2oz,290,,,,,,,,,,,,,,,,,,,,,,,,,
12/1/07,Garlic and Herb,2oz,205,,,,,,,,,,,,,,,,,,,,,,,,,
1/1/08,Garlic and Herb,2oz,308,,,,,,,,,,,,,,,,,,,,,,,,,
2/1/08,Garlic and Herb,2oz,387,,,,,,,,,,,,,,,,,,,,,,,,,
3/1/08,Garlic and Herb,2oz,145,,,,,,,,,,,,,,,,,,,,,,,,,
4/1/08,Garlic and Herb,2oz,274,,,,,,,,,,,,,,,,,,,,,,,,,
5/1/08,Garlic and Herb,2oz,208,,,,,,,,,,,,,,,,,,,,,,,,,
6/1/08,Garlic and Herb,2oz,246,,,,,,,,,,,,,,,,,,,,,,,,,
7/1/08,Garlic and Herb,2oz,461,,,,,,,,,,,,,,,,,,,,,,,,,
8/1/08,Garlic and Herb,2oz,347,,,,,,,,,,,,,,,,,,,,,,,,,
9/1/08,Garlic and Herb,2oz,326,,,,,,,,,,,,,,,,,,,,,,,,,
10/1/08,Garlic and Herb,2oz,303,,,,,,,,,,,,,,,,,,,,,,,,,
11/1/08,Garlic and Herb,2oz,302,,,,,,,,,,,,,,,,,,,,,,,,,
12/1/08,Garlic and Herb,2oz,180,,,,,,,,,,,,,,,,,,,,,,,,,
1/1/09,Garlic and Herb,2oz,263,,,,,,,,,,,,,,,,,,,,,,,,,
2/1/09,Garlic and Herb,2oz,257,,,,,,,,,,,,,,,,,,,,,,,,,
3/1/09,Garlic and Herb,2oz,464,,,,,,,,,,,,,,,,,,,,,,,,,
4/1/09,Garlic and Herb,2oz,308,,,,,,,,,,,,,,,,,,,,,,,,,
5/1/09,Garlic and Herb,2oz,386,,,,,,,,,,,,,,,,,,,,,,,,,
6/1/09,Garlic and Herb,2oz,301,,,,,,,,,,,,,,,,,,,,,,,,,
7/1/09,Garlic and Herb,2oz,346,,,,,,,,,,,,,,,,,,,,,,,,,
8/1/09,Garlic and Herb,2oz,191,,,,,,,,,,,,,,,,,,,,,,,,,
9/1/09,Garlic and Herb,2oz,3,,,,,,,,,,,,,,,,,,,,,,,,,
10/1/09,Garlic and Herb,2oz,0,,,,,,,,,,,,,,,,,,,,,,,,,
11/1/09,Garlic and Herb,2oz,0,,,,,,,,,,,,,,,,,,,,,,,,,
12/1/09,Garlic and Herb,2oz,0,,,,,,,,,,,,,,,,,,,,,,,,,
1/1/10,Garlic and Herb,2oz,0,,,,,,,,,,,,,,,,,,,,,,,,,
2/1/10,Garlic and Herb,2oz,0,,,,,,,,,,,,,,,,,,,,,,,,,
3/1/10,Garlic and Herb,2oz,0,,,,,,,,,,,,,,,,,,,,,,,,,
4/1/10,Garlic and Herb,2oz,0,,,,,,,,,,,,,,,,,,,,,,,,,
5/1/10,Garlic and Herb,2oz,0,,,,,,,,,,,,,,,,,,,,,,,,,
6/1/10,Garlic and Herb,2oz,0,,,,,,,,,,,,,,,,,,,,,,,,,
7/1/10,Garlic and Herb,2oz,0,,,,,,,,,,,,,,,,,,,,,,,,,
8/1/10,Garlic and Herb,2oz,0,,,,,,,,,,,,,,,,,,,,,,,,,
9/1/10,Garlic and Herb,2oz,0,,,,,,,,,,,,,,,,,,,,,,,,,
10/1/10,Garlic and Herb,2oz,0,,,,,,,,,,,,,,,,,,,,,,,,,
11/1/10,Garlic and Herb,2oz,0,,,,,,,,,,,,,,,,,,,,,,,,,
12/1/10,Garlic and Herb,2oz,0,,,,,,,,,,,,,,,,,,,,,,,,,
4/1/06,Garlic and Herb,6oz,60,,,,,,,,,,,,,,,,,,,,,,,,,
5/1/06,Garlic and Herb,6oz,129,,,,,,,,,,,,,,,,,,,,,,,,,
6/1/06,Garlic and Herb,6oz,140,,,,,,,,,,,,,,,,,,,,,,,,,
7/1/06,Garlic and Herb,6oz,96,,,,,,,,,,,,,,,,,,,,,,,,,
8/1/06,Garlic and Herb,6oz,97,,,,,,,,,,,,,,,,,,,,,,,,,
9/1/06,Garlic and Herb,6oz,100,,,,,,,,,,,,,,,,,,,,,,,,,
10/1/06,Garlic and Herb,6oz,62,,,,,,,,,,,,,,,,,,,,,,,,,
11/1/06,Garlic and Herb,6oz,100,,,,,,,,,,,,,,,,,,,,,,,,,
12/1/06,Garlic and Herb,6oz,43,,,,,,,,,,,,,,,,,,,,,,,,,
1/1/07,Garlic and Herb,6oz,55,,,,,,,,,,,,,,,,,,,,,,,,,
2/1/07,Garlic and Herb,6oz,53,,,,,,,,,,,,,,,,,,,,,,,,,
3/1/07,Garlic and Herb,6oz,89,,,,,,,,,,,,,,,,,,,,,,,,,
4/1/07,Garlic and Herb,6oz,62,,,,,,,,,,,,,,,,,,,,,,,,,
5/1/07,Garlic and Herb,6oz,95,,,,,,,,,,,,,,,,,,,,,,,,,
6/1/07,Garlic and Herb,6oz,107,,,,,,,,,,,,,,,,,,,,,,,,,
7/1/07,Garlic and Herb,6oz,75,,,,,,,,,,,,,,,,,,,,,,,,,
8/1/07,Garlic and Herb,6oz,139,,,,,,,,,,,,,,,,,,,,,,,,,
9/1/07,Garlic and Herb,6oz,83,,,,,,,,,,,,,,,,,,,,,,,,,
10/1/07,Garlic and Herb,6oz,100,,,,,,,,,,,,,,,,,,,,,,,,,
11/1/07,Garlic and Herb,6oz,54,,,,,,,,,,,,,,,,,,,,,,,,,
12/1/07,Garlic and Herb,6oz,44,,,,,,,,,,,,,,,,,,,,,,,,,
1/1/08,Garlic and Herb,6oz,60,,,,,,,,,,,,,,,,,,,,,,,,,
2/1/08,Garlic and Herb,6oz,55,,,,,,,,,,,,,,,,,,,,,,,,,
3/1/08,Garlic and Herb,6oz,74,,,,,,,,,,,,,,,,,,,,,,,,,
4/1/08,Garlic and Herb,6oz,59,,,,,,,,,,,,,,,,,,,,,,,,,
5/1/08,Garlic and Herb,6oz,48,,,,,,,,,,,,,,,,,,,,,,,,,
6/1/08,Garlic and Herb,6oz,116,,,,,,,,,,,,,,,,,,,,,,,,,
7/1/08,Garlic and Herb,6oz,95,,,,,,,,,,,,,,,,,,,,,,,,,
8/1/08,Garlic and Herb,6oz,76,,,,,,,,,,,,,,,,,,,,,,,,,
9/1/08,Garlic and Herb,6oz,109,,,,,,,,,,,,,,,,,,,,,,,,,
10/1/08,Garlic and Herb,6oz,83,,,,,,,,,,,,,,,,,,,,,,,,,
11/1/08,Garlic and Herb,6oz,117,,,,,,,,,,,,,,,,,,,,,,,,,
12/1/08,Garlic and Herb,6oz,52,,,,,,,,,,,,,,,,,,,,,,,,,
1/1/09,Garlic and Herb,6oz,84,,,,,,,,,,,,,,,,,,,,,,,,,
2/1/09,Garlic and Herb,6oz,56,,,,,,,,,,,,,,,,,,,,,,,,,
3/1/09,Garlic and Herb,6oz,119,,,,,,,,,,,,,,,,,,,,,,,,,
4/1/09,Garlic and Herb,6oz,58,,,,,,,,,,,,,,,,,,,,,,,,,
5/1/09,Garlic and Herb,6oz,70,,,,,,,,,,,,,,,,,,,,,,,,,
6/1/09,Garlic and Herb,6oz,119,,,,,,,,,,,,,,,,,,,,,,,,,
7/1/09,Garlic and Herb,6oz,54,,,,,,,,,,,,,,,,,,,,,,,,,
8/1/09,Garlic and Herb,6oz,56,,,,,,,,,,,,,,,,,,,,,,,,,
9/1/09,Garlic and Herb,6oz,689,,,,,,,,,,,,,,,,,,,,,,,,,
10/1/09,Garlic and Herb,6oz,47,,,,,,,,,,,,,,,,,,,,,,,,,
11/1/09,Garlic and Herb,6oz,16,,,,,,,,,,,,,,,,,,,,,,,,,
12/1/09,Garlic and Herb,6oz,27,,,,,,,,,,,,,,,,,,,,,,,,,
1/1/10,Garlic and Herb,6oz,48,,,,,,,,,,,,,,,,,,,,,,,,,
2/1/10,Garlic and Herb,6oz,9,,,,,,,,,,,,,,,,,,,,,,,,,
3/1/10,Garlic and Herb,6oz,35,,,,,,,,,,,,,,,,,,,,,,,,,
4/1/10,Garlic and Herb,6oz,28,,,,,,,,,,,,,,,,,,,,,,,,,
5/1/10,Garlic and Herb,6oz,8,,,,,,,,,,,,,,,,,,,,,,,,,
6/1/10,Garlic and Herb,6oz,0,,,,,,,,,,,,,,,,,,,,,,,,,
7/1/10,Garlic and Herb,6oz,0,,,,,,,,,,,,,,,,,,,,,,,,,
8/1/10,Garlic and Herb,6oz,0,,,,,,,,,,,,,,,,,,,,,,,,,
9/1/10,Garlic and Herb,6oz,0,,,,,,,,,,,,,,,,,,,,,,,,,
10/1/10,Garlic and Herb,6oz,0,,,,,,,,,,,,,,,,,,,,,,,,,
11/1/10,Garlic and Herb,6oz,0,,,,,,,,,,,,,,,,,,,,,,,,,
12/1/10,Garlic and Herb,6oz,0,,,,,,,,,,,,,,,,,,,,,,,,,
4/1/06,Mama Zuma's,2oz,408,,,,,,,,,,,,,,,,,,,,,,,,,
5/1/06,Mama Zuma's,2oz,721,,,,,,,,,,,,,,,,,,,,,,,,,
6/1/06,Mama Zuma's,2oz,482,,,,,,,,,,,,,,,,,,,,,,,,,
7/1/06,Mama Zuma's,2oz,425,,,,,,,,,,,,,,,,,,,,,,,,,
8/1/06,Mama Zuma's,2oz,634,,,,,,,,,,,,,,,,,,,,,,,,,
9/1/06,Mama Zuma's,2oz,603,,,,,,,,,,,,,,,,,,,,,,,,,
10/1/06,Mama Zuma's,2oz,447,,,,,,,,,,,,,,,,,,,,,,,,,
11/1/06,Mama Zuma's,2oz,504,,,,,,,,,,,,,,,,,,,,,,,,,
12/1/06,Mama Zuma's,2oz,334,,,,,,,,,,,,,,,,,,,,,,,,,
1/1/07,Mama Zuma's,2oz,297,,,,,,,,,,,,,,,,,,,,,,,,,
2/1/07,Mama Zuma's,2oz,311,,,,,,,,,,,,,,,,,,,,,,,,,
3/1/07,Mama Zuma's,2oz,410,,,,,,,,,,,,,,,,,,,,,,,,,
4/1/07,Mama Zuma's,2oz,494,,,,,,,,,,,,,,,,,,,,,,,,,
5/1/07,Mama Zuma's,2oz,513,,,,,,,,,,,,,,,,,,,,,,,,,
6/1/07,Mama Zuma's,2oz,480,,,,,,,,,,,,,,,,,,,,,,,,,
7/1/07,Mama Zuma's,2oz,581,,,,,,,,,,,,,,,,,,,,,,,,,
8/1/07,Mama Zuma's,2oz,446,,,,,,,,,,,,,,,,,,,,,,,,,
9/1/07,Mama Zuma's,2oz,349,,,,,,,,,,,,,,,,,,,,,,,,,
10/1/07,Mama Zuma's,2oz,587,,,,,,,,,,,,,,,,,,,,,,,,,
11/1/07,Mama Zuma's,2oz,409,,,,,,,,,,,,,,,,,,,,,,,,,
12/1/07,Mama Zuma's,2oz,316,,,,,,,,,,,,,,,,,,,,,,,,,
1/1/08,Mama Zuma's,2oz,369,,,,,,,,,,,,,,,,,,,,,,,,,
2/1/08,Mama Zuma's,2oz,527,,,,,,,,,,,,,,,,,,,,,,,,,
3/1/08,Mama Zuma's,2oz,337,,,,,,,,,,,,,,,,,,,,,,,,,
4/1/08,Mama Zuma's,2oz,457,,,,,,,,,,,,,,,,,,,,,,,,,
5/1/08,Mama Zuma's,2oz,363,,,,,,,,,,,,,,,,,,,,,,,,,
6/1/08,Mama Zuma's,2oz,189,,,,,,,,,,,,,,,,,,,,,,,,,
7/1/08,Mama Zuma's,2oz,945,,,,,,,,,,,,,,,,,,,,,,,,,
8/1/08,Mama Zuma's,2oz,463,,,,,,,,,,,,,,,,,,,,,,,,,
9/1/08,Mama Zuma's,2oz,716,,,,,,,,,,,,,,,,,,,,,,,,,
10/1/08,Mama Zuma's,2oz,538,,,,,,,,,,,,,,,,,,,,,,,,,
11/1/08,Mama Zuma's,2oz,413,,,,,,,,,,,,,,,,,,,,,,,,,
12/1/08,Mama Zuma's,2oz,293,,,,,,,,,,,,,,,,,,,,,,,,,
1/1/09,Mama Zuma's,2oz,389,,,,,,,,,,,,,,,,,,,,,,,,,
2/1/09,Mama Zuma's,2oz,590,,,,,,,,,,,,,,,,,,,,,,,,,
3/1/09,Mama Zuma's,2oz,567,,,,,,,,,,,,,,,,,,,,,,,,,
4/1/09,Mama Zuma's,2oz,604,,,,,,,,,,,,,,,,,,,,,,,,,
5/1/09,Mama Zuma's,2oz,741,,,,,,,,,,,,,,,,,,,,,,,,,
6/1/09,Mama Zuma's,2oz,606,,,,,,,,,,,,,,,,,,,,,,,,,
7/1/09,Mama Zuma's,2oz,664,,,,,,,,,,,,,,,,,,,,,,,,,
8/1/09,Mama Zuma's,2oz,818,,,,,,,,,,,,,,,,,,,,,,,,,
9/1/09,Mama Zuma's,2oz,864,,,,,,,,,,,,,,,,,,,,,,,,,
10/1/09,Mama Zuma's,2oz,508,,,,,,,,,,,,,,,,,,,,,,,,,
11/1/09,Mama Zuma's,2oz,776,,,,,,,,,,,,,,,,,,,,,,,,,
12/1/09,Mama Zuma's,2oz,550,,,,,,,,,,,,,,,,,,,,,,,,,
1/1/10,Mama Zuma's,2oz,466,,,,,,,,,,,,,,,,,,,,,,,,,
2/1/10,Mama Zuma's,2oz,754,,,,,,,,,,,,,,,,,,,,,,,,,
3/1/10,Mama Zuma's,2oz,1109,,,,,,,,,,,,,,,,,,,,,,,,,
4/1/10,Mama Zuma's,2oz,743,,,,,,,,,,,,,,,,,,,,,,,,,
5/1/10,Mama Zuma's,2oz,734,,,,,,,,,,,,,,,,,,,,,,,,,
6/1/10,Mama Zuma's,2oz,1051,,,,,,,,,,,,,,,,,,,,,,,,,
7/1/10,Mama Zuma's,2oz,707,,,,,,,,,,,,,,,,,,,,,,,,,
8/1/10,Mama Zuma's,2oz,884,,,,,,,,,,,,,,,,,,,,,,,,,
9/1/10,Mama Zuma's,2oz,783,,,,,,,,,,,,,,,,,,,,,,,,,
10/1/10,Mama Zuma's,2oz,1137,,,,,,,,,,,,,,,,,,,,,,,,,
11/1/10,Mama Zuma's,2oz,593,,,,,,,,,,,,,,,,,,,,,,,,,
12/1/10,Mama Zuma's,2oz,524,,,,,,,,,,,,,,,,,,,,,,,,,
4/1/06,Green Chile Enchilada,2oz,363,,,,,,,,,,,,,,,,,,,,,,,,,
5/1/06,Green Chile Enchilada,2oz,640,,,,,,,,,,,,,,,,,,,,,,,,,
6/1/06,Green Chile Enchilada,2oz,541,,,,,,,,,,,,,,,,,,,,,,,,,
7/1/06,Green Chile Enchilada,2oz,306,,,,,,,,,,,,,,,,,,,,,,,,,
8/1/06,Green Chile Enchilada,2oz,709,,,,,,,,,,,,,,,,,,,,,,,,,
9/1/06,Green Chile Enchilada,2oz,341,,,,,,,,,,,,,,,,,,,,,,,,,
10/1/06,Green Chile Enchilada,2oz,459,,,,,,,,,,,,,,,,,,,,,,,,,
11/1/06,Green Chile Enchilada,2oz,690,,,,,,,,,,,,,,,,,,,,,,,,,
12/1/06,Green Chile Enchilada,2oz,363,,,,,,,,,,,,,,,,,,,,,,,,,
1/1/07,Green Chile Enchilada,2oz,393,,,,,,,,,,,,,,,,,,,,,,,,,
2/1/07,Green Chile Enchilada,2oz,362,,,,,,,,,,,,,,,,,,,,,,,,,
3/1/07,Green Chile Enchilada,2oz,544,,,,,,,,,,,,,,,,,,,,,,,,,
4/1/07,Green Chile Enchilada,2oz,402,,,,,,,,,,,,,,,,,,,,,,,,,
5/1/07,Green Chile Enchilada,2oz,493,,,,,,,,,,,,,,,,,,,,,,,,,
6/1/07,Green Chile Enchilada,2oz,554,,,,,,,,,,,,,,,,,,,,,,,,,
7/1/07,Green Chile Enchilada,2oz,665,,,,,,,,,,,,,,,,,,,,,,,,,
8/1/07,Green Chile Enchilada,2oz,511,,,,,,,,,,,,,,,,,,,,,,,,,
9/1/07,Green Chile Enchilada,2oz,438,,,,,,,,,,,,,,,,,,,,,,,,,
10/1/07,Green Chile Enchilada,2oz,385,,,,,,,,,,,,,,,,,,,,,,,,,
11/1/07,Green Chile Enchilada,2oz,1,,,,,,,,,,,,,,,,,,,,,,,,,
12/1/07,Green Chile Enchilada,2oz,24,,,,,,,,,,,,,,,,,,,,,,,,,
1/1/08,Green Chile Enchilada,2oz,308,,,,,,,,,,,,,,,,,,,,,,,,,
2/1/08,Green Chile Enchilada,2oz,730,,,,,,,,,,,,,,,,,,,,,,,,,
3/1/08,Green Chile Enchilada,2oz,360,,,,,,,,,,,,,,,,,,,,,,,,,
4/1/08,Green Chile Enchilada,2oz,565,,,,,,,,,,,,,,,,,,,,,,,,,
5/1/08,Green Chile Enchilada,2oz,269,,,,,,,,,,,,,,,,,,,,,,,,,
6/1/08,Green Chile Enchilada,2oz,255,,,,,,,,,,,,,,,,,,,,,,,,,
7/1/08,Green Chile Enchilada,2oz,813,,,,,,,,,,,,,,,,,,,,,,,,,
8/1/08,Green Chile Enchilada,2oz,493,,,,,,,,,,,,,,,,,,,,,,,,,
9/1/08,Green Chile Enchilada,2oz,788,,,,,,,,,,,,,,,,,,,,,,,,,
10/1/08,Green Chile Enchilada,2oz,441,,,,,,,,,,,,,,,,,,,,,,,,,
11/1/08,Green Chile Enchilada,2oz,452,,,,,,,,,,,,,,,,,,,,,,,,,
12/1/08,Green Chile Enchilada,2oz,234,,,,,,,,,,,,,,,,,,,,,,,,,
1/1/09,Green Chile Enchilada,2oz,477,,,,,,,,,,,,,,,,,,,,,,,,,
2/1/09,Green Chile Enchilada,2oz,428,,,,,,,,,,,,,,,,,,,,,,,,,
3/1/09,Green Chile Enchilada,2oz,701,,,,,,,,,,,,,,,,,,,,,,,,,
4/1/09,Green Chile Enchilada,2oz,607,,,,,,,,,,,,,,,,,,,,,,,,,
5/1/09,Green Chile Enchilada,2oz,523,,,,,,,,,,,,,,,,,,,,,,,,,
6/1/09,Green Chile Enchilada,2oz,335,,,,,,,,,,,,,,,,,,,,,,,,,
7/1/09,Green Chile Enchilada,2oz,0,,,,,,,,,,,,,,,,,,,,,,,,,
8/1/09,Green Chile Enchilada,2oz,0,,,,,,,,,,,,,,,,,,,,,,,,,
9/1/09,Green Chile Enchilada,2oz,0,,,,,,,,,,,,,,,,,,,,,,,,,
10/1/09,Green Chile Enchilada,2oz,0,,,,,,,,,,,,,,,,,,,,,,,,,
11/1/09,Green Chile Enchilada,2oz,0,,,,,,,,,,,,,,,,,,,,,,,,,
12/1/09,Green Chile Enchilada,2oz,0,,,,,,,,,,,,,,,,,,,,,,,,,
1/1/10,Green Chile Enchilada,2oz,0,,,,,,,,,,,,,,,,,,,,,,,,,
2/1/10,Green Chile Enchilada,2oz,0,,,,,,,,,,,,,,,,,,,,,,,,,
3/1/10,Green Chile Enchilada,2oz,0,,,,,,,,,,,,,,,,,,,,,,,,,
4/1/10,Green Chile Enchilada,2oz,0,,,,,,,,,,,,,,,,,,,,,,,,,
5/1/10,Green Chile Enchilada,2oz,0,,,,,,,,,,,,,,,,,,,,,,,,,
6/1/10,Green Chile Enchilada,2oz,0,,,,,,,,,,,,,,,,,,,,,,,,,
7/1/10,Green Chile Enchilada,2oz,0,,,,,,,,,,,,,,,,,,,,,,,,,
8/1/10,Green Chile Enchilada,2oz,0,,,,,,,,,,,,,,,,,,,,,,,,,
9/1/10,Green Chile Enchilada,2oz,0,,,,,,,,,,,,,,,,,,,,,,,,,
10/1/10,Green Chile Enchilada,2oz,0,,,,,,,,,,,,,,,,,,,,,,,,,
11/1/10,Green Chile Enchilada,2oz,0,,,,,,,,,,,,,,,,,,,,,,,,,
12/1/10,Green Chile Enchilada,2oz,0,,,,,,,,,,,,,,,,,,,,,,,,,
4/1/06,Sweet Potato Cinnamon Sugar,6oz,0,,,,,,,,,,,,,,,,,,,,,,,,,
5/1/06,Sweet Potato Cinnamon Sugar,6oz,0,,,,,,,,,,,,,,,,,,,,,,,,,
6/1/06,Sweet Potato Cinnamon Sugar,6oz,98,,,,,,,,,,,,,,,,,,,,,,,,,
7/1/06,Sweet Potato Cinnamon Sugar,6oz,45,,,,,,,,,,,,,,,,,,,,,,,,,
8/1/06,Sweet Potato Cinnamon Sugar,6oz,7,,,,,,,,,,,,,,,,,,,,,,,,,
9/1/06,Sweet Potato Cinnamon Sugar,6oz,51,,,,,,,,,,,,,,,,,,,,,,,,,
10/1/06,Sweet Potato Cinnamon Sugar,6oz,71,,,,,,,,,,,,,,,,,,,,,,,,,
11/1/06,Sweet Potato Cinnamon Sugar,6oz,40,,,,,,,,,,,,,,,,,,,,,,,,,
12/1/06,Sweet Potato Cinnamon Sugar,6oz,25,,,,,,,,,,,,,,,,,,,,,,,,,
1/1/07,Sweet Potato Cinnamon Sugar,6oz,36,,,,,,,,,,,,,,,,,,,,,,,,,
2/1/07,Sweet Potato Cinnamon Sugar,6oz,24,,,,,,,,,,,,,,,,,,,,,,,,,
3/1/07,Sweet Potato Cinnamon Sugar,6oz,32,,,,,,,,,,,,,,,,,,,,,,,,,
4/1/07,Sweet Potato Cinnamon Sugar,6oz,1212,,,,,,,,,,,,,,,,,,,,,,,,,
5/1/07,Sweet Potato Cinnamon Sugar,6oz,975,,,,,,,,,,,,,,,,,,,,,,,,,
6/1/07,Sweet Potato Cinnamon Sugar,6oz,53,,,,,,,,,,,,,,,,,,,,,,,,,
7/1/07,Sweet Potato Cinnamon Sugar,6oz,31,,,,,,,,,,,,,,,,,,,,,,,,,
8/1/07,Sweet Potato Cinnamon Sugar,6oz,52,,,,,,,,,,,,,,,,,,,,,,,,,
9/1/07,Sweet Potato Cinnamon Sugar,6oz,2,,,,,,,,,,,,,,,,,,,,,,,,,
10/1/07,Sweet Potato Cinnamon Sugar,6oz,8,,,,,,,,,,,,,,,,,,,,,,,,,
11/1/07,Sweet Potato Cinnamon Sugar,6oz,49,,,,,,,,,,,,,,,,,,,,,,,,,
12/1/07,Sweet Potato Cinnamon Sugar,6oz,26,,,,,,,,,,,,,,,,,,,,,,,,,
1/1/08,Sweet Potato Cinnamon Sugar,6oz,22,,,,,,,,,,,,,,,,,,,,,,,,,
2/1/08,Sweet Potato Cinnamon Sugar,6oz,29,,,,,,,,,,,,,,,,,,,,,,,,,
3/1/08,Sweet Potato Cinnamon Sugar,6oz,26,,,,,,,,,,,,,,,,,,,,,,,,,
4/1/08,Sweet Potato Cinnamon Sugar,6oz,29,,,,,,,,,,,,,,,,,,,,,,,,,
5/1/08,Sweet Potato Cinnamon Sugar,6oz,15,,,,,,,,,,,,,,,,,,,,,,,,,
6/1/08,Sweet Potato Cinnamon Sugar,6oz,13,,,,,,,,,,,,,,,,,,,,,,,,,
7/1/08,Sweet Potato Cinnamon Sugar,6oz,26,,,,,,,,,,,,,,,,,,,,,,,,,
8/1/08,Sweet Potato Cinnamon Sugar,6oz,6,,,,,,,,,,,,,,,,,,,,,,,,,
9/1/08,Sweet Potato Cinnamon Sugar,6oz,12,,,,,,,,,,,,,,,,,,,,,,,,,
10/1/08,Sweet Potato Cinnamon Sugar,6oz,119,,,,,,,,,,,,,,,,,,,,,,,,,
11/1/08,Sweet Potato Cinnamon Sugar,6oz,66,,,,,,,,,,,,,,,,,,,,,,,,,
12/1/08,Sweet Potato Cinnamon Sugar,6oz,20,,,,,,,,,,,,,,,,,,,,,,,,,
1/1/09,Sweet Potato Cinnamon Sugar,6oz,58,,,,,,,,,,,,,,,,,,,,,,,,,
2/1/09,Sweet Potato Cinnamon Sugar,6oz,25,,,,,,,,,,,,,,,,,,,,,,,,,
3/1/09,Sweet Potato Cinnamon Sugar,6oz,30,,,,,,,,,,,,,,,,,,,,,,,,,
4/1/09,Sweet Potato Cinnamon Sugar,6oz,27,,,,,,,,,,,,,,,,,,,,,,,,,
5/1/09,Sweet Potato Cinnamon Sugar,6oz,71,,,,,,,,,,,,,,,,,,,,,,,,,
6/1/09,Sweet Potato Cinnamon Sugar,6oz,43,,,,,,,,,,,,,,,,,,,,,,,,,
7/1/09,Sweet Potato Cinnamon Sugar,6oz,73,,,,,,,,,,,,,,,,,,,,,,,,,
8/1/09,Sweet Potato Cinnamon Sugar,6oz,106,,,,,,,,,,,,,,,,,,,,,,,,,
9/1/09,Sweet Potato Cinnamon Sugar,6oz,91,,,,,,,,,,,,,,,,,,,,,,,,,
10/1/09,Sweet Potato Cinnamon Sugar,6oz,89,,,,,,,,,,,,,,,,,,,,,,,,,
11/1/09,Sweet Potato Cinnamon Sugar,6oz,72,,,,,,,,,,,,,,,,,,,,,,,,,
12/1/09,Sweet Potato Cinnamon Sugar,6oz,68,,,,,,,,,,,,,,,,,,,,,,,,,
1/1/10,Sweet Potato Cinnamon Sugar,6oz,28,,,,,,,,,,,,,,,,,,,,,,,,,
2/1/10,Sweet Potato Cinnamon Sugar,6oz,43,,,,,,,,,,,,,,,,,,,,,,,,,
3/1/10,Sweet Potato Cinnamon Sugar,6oz,51,,,,,,,,,,,,,,,,,,,,,,,,,
4/1/10,Sweet Potato Cinnamon Sugar,6oz,11,,,,,,,,,,,,,,,,,,,,,,,,,
5/1/10,Sweet Potato Cinnamon Sugar,6oz,0,,,,,,,,,,,,,,,,,,,,,,,,,
6/1/10,Sweet Potato Cinnamon Sugar,6oz,0,,,,,,,,,,,,,,,,,,,,,,,,,
7/1/10,Sweet Potato Cinnamon Sugar,6oz,0,,,,,,,,,,,,,,,,,,,,,,,,,
8/1/10,Sweet Potato Cinnamon Sugar,6oz,0,,,,,,,,,,,,,,,,,,,,,,,,,
9/1/10,Sweet Potato Cinnamon Sugar,6oz,0,,,,,,,,,,,,,,,,,,,,,,,,,
10/1/10,Sweet Potato Cinnamon Sugar,6oz,0,,,,,,,,,,,,,,,,,,,,,,,,,
11/1/10,Sweet Potato Cinnamon Sugar,6oz,0,,,,,,,,,,,,,,,,,,,,,,,,,
12/1/10,Sweet Potato Cinnamon Sugar,6oz,0,,,,,,,,,,,,,,,,,,,,,,,,,
4/1/06,Sweet Potato,1.5oz,922,,,,,,,,,,,,,,,,,,,,,,,,,
5/1/06,Sweet Potato,1.5oz,885,,,,,,,,,,,,,,,,,,,,,,,,,
6/1/06,Sweet Potato,1.5oz,934,,,,,,,,,,,,,,,,,,,,,,,,,
7/1/06,Sweet Potato,1.5oz,636,,,,,,,,,,,,,,,,,,,,,,,,,
8/1/06,Sweet Potato,1.5oz,41,,,,,,,,,,,,,,,,,,,,,,,,,
9/1/06,Sweet Potato,1.5oz,1093,,,,,,,,,,,,,,,,,,,,,,,,,
10/1/06,Sweet Potato,1.5oz,643,,,,,,,,,,,,,,,,,,,,,,,,,
11/1/06,Sweet Potato,1.5oz,1023,,,,,,,,,,,,,,,,,,,,,,,,,
12/1/06,Sweet Potato,1.5oz,919,,,,,,,,,,,,,,,,,,,,,,,,,
1/1/07,Sweet Potato,1.5oz,1168,,,,,,,,,,,,,,,,,,,,,,,,,
2/1/07,Sweet Potato,1.5oz,961,,,,,,,,,,,,,,,,,,,,,,,,,
3/1/07,Sweet Potato,1.5oz,1457,,,,,,,,,,,,,,,,,,,,,,,,,
4/1/07,Sweet Potato,1.5oz,1003,,,,,,,,,,,,,,,,,,,,,,,,,
5/1/07,Sweet Potato,1.5oz,1413,,,,,,,,,,,,,,,,,,,,,,,,,
6/1/07,Sweet Potato,1.5oz,1230,,,,,,,,,,,,,,,,,,,,,,,,,
7/1/07,Sweet Potato,1.5oz,78,,,,,,,,,,,,,,,,,,,,,,,,,
8/1/07,Sweet Potato,1.5oz,23,,,,,,,,,,,,,,,,,,,,,,,,,
9/1/07,Sweet Potato,1.5oz,69,,,,,,,,,,,,,,,,,,,,,,,,,
10/1/07,Sweet Potato,1.5oz,799,,,,,,,,,,,,,,,,,,,,,,,,,
11/1/07,Sweet Potato,1.5oz,1165,,,,,,,,,,,,,,,,,,,,,,,,,
12/1/07,Sweet Potato,1.5oz,945,,,,,,,,,,,,,,,,,,,,,,,,,
1/1/08,Sweet Potato,1.5oz,1034,,,,,,,,,,,,,,,,,,,,,,,,,
2/1/08,Sweet Potato,1.5oz,1482,,,,,,,,,,,,,,,,,,,,,,,,,
3/1/08,Sweet Potato,1.5oz,518,,,,,,,,,,,,,,,,,,,,,,,,,
4/1/08,Sweet Potato,1.5oz,1391,,,,,,,,,,,,,,,,,,,,,,,,,
5/1/08,Sweet Potato,1.5oz,108,,,,,,,,,,,,,,,,,,,,,,,,,
6/1/08,Sweet Potato,1.5oz,620,,,,,,,,,,,,,,,,,,,,,,,,,
7/1/08,Sweet Potato,1.5oz,585,,,,,,,,,,,,,,,,,,,,,,,,,
8/1/08,Sweet Potato,1.5oz,21,,,,,,,,,,,,,,,,,,,,,,,,,
9/1/08,Sweet Potato,1.5oz,439,,,,,,,,,,,,,,,,,,,,,,,,,
10/1/08,Sweet Potato,1.5oz,2152,,,,,,,,,,,,,,,,,,,,,,,,,
11/1/08,Sweet Potato,1.5oz,1042,,,,,,,,,,,,,,,,,,,,,,,,,
12/1/08,Sweet Potato,1.5oz,613,,,,,,,,,,,,,,,,,,,,,,,,,
1/1/09,Sweet Potato,1.5oz,1091,,,,,,,,,,,,,,,,,,,,,,,,,
2/1/09,Sweet Potato,1.5oz,785,,,,,,,,,,,,,,,,,,,,,,,,,
3/1/09,Sweet Potato,1.5oz,2341,,,,,,,,,,,,,,,,,,,,,,,,,
4/1/09,Sweet Potato,1.5oz,228,,,,,,,,,,,,,,,,,,,,,,,,,
5/1/09,Sweet Potato,1.5oz,2118,,,,,,,,,,,,,,,,,,,,,,,,,
6/1/09,Sweet Potato,1.5oz,1578,,,,,,,,,,,,,,,,,,,,,,,,,
7/1/09,Sweet Potato,1.5oz,1672,,,,,,,,,,,,,,,,,,,,,,,,,
8/1/09,Sweet Potato,1.5oz,1079,,,,,,,,,,,,,,,,,,,,,,,,,
9/1/09,Sweet Potato,1.5oz,1932,,,,,,,,,,,,,,,,,,,,,,,,,
10/1/09,Sweet Potato,1.5oz,1368,,,,,,,,,,,,,,,,,,,,,,,,,
11/1/09,Sweet Potato,1.5oz,1864,,,,,,,,,,,,,,,,,,,,,,,,,
12/1/09,Sweet Potato,1.5oz,1568,,,,,,,,,,,,,,,,,,,,,,,,,
1/1/10,Sweet Potato,1.5oz,732,,,,,,,,,,,,,,,,,,,,,,,,,
2/1/10,Sweet Potato,1.5oz,1447,,,,,,,,,,,,,,,,,,,,,,,,,
3/1/10,Sweet Potato,1.5oz,1673,,,,,,,,,,,,,,,,,,,,,,,,,
4/1/10,Sweet Potato,1.5oz,1798,,,,,,,,,,,,,,,,,,,,,,,,,
5/1/10,Sweet Potato,1.5oz,1603,,,,,,,,,,,,,,,,,,,,,,,,,
6/1/10,Sweet Potato,1.5oz,1701,,,,,,,,,,,,,,,,,,,,,,,,,
7/1/10,Sweet Potato,1.5oz,1582,,,,,,,,,,,,,,,,,,,,,,,,,
8/1/10,Sweet Potato,1.5oz,2035,,,,,,,,,,,,,,,,,,,,,,,,,
9/1/10,Sweet Potato,1.5oz,760,,,,,,,,,,,,,,,,,,,,,,,,,
10/1/10,Sweet Potato,1.5oz,2074,,,,,,,,,,,,,,,,,,,,,,,,,
11/1/10,Sweet Potato,1.5oz,2193,,,,,,,,,,,,,,,,,,,,,,,,,
12/1/10,Sweet Potato,1.5oz,1409,,,,,,,,,,,,,,,,,,,,,,,,,
4/1/06,Sweet Potato,5oz,176,,,,,,,,,,,,,,,,,,,,,,,,,
5/1/06,Sweet Potato,5oz,760,,,,,,,,,,,,,,,,,,,,,,,,,
6/1/06,Sweet Potato,5oz,749,,,,,,,,,,,,,,,,,,,,,,,,,
7/1/06,Sweet Potato,5oz,95,,,,,,,,,,,,,,,,,,,,,,,,,
8/1/06,Sweet Potato,5oz,24,,,,,,,,,,,,,,,,,,,,,,,,,
9/1/06,Sweet Potato,5oz,176,,,,,,,,,,,,,,,,,,,,,,,,,
10/1/06,Sweet Potato,5oz,397,,,,,,,,,,,,,,,,,,,,,,,,,
11/1/06,Sweet Potato,5oz,302,,,,,,,,,,,,,,,,,,,,,,,,,
12/1/06,Sweet Potato,5oz,859,,,,,,,,,,,,,,,,,,,,,,,,,
1/1/07,Sweet Potato,5oz,825,,,,,,,,,,,,,,,,,,,,,,,,,
2/1/07,Sweet Potato,5oz,163,,,,,,,,,,,,,,,,,,,,,,,,,
3/1/07,Sweet Potato,5oz,876,,,,,,,,,,,,,,,,,,,,,,,,,
4/1/07,Sweet Potato,5oz,738,,,,,,,,,,,,,,,,,,,,,,,,,
5/1/07,Sweet Potato,5oz,381,,,,,,,,,,,,,,,,,,,,,,,,,
6/1/07,Sweet Potato,5oz,1325,,,,,,,,,,,,,,,,,,,,,,,,,
7/1/07,Sweet Potato,5oz,643,,,,,,,,,,,,,,,,,,,,,,,,,
8/1/07,Sweet Potato,5oz,220,,,,,,,,,,,,,,,,,,,,,,,,,
9/1/07,Sweet Potato,5oz,51,,,,,,,,,,,,,,,,,,,,,,,,,
10/1/07,Sweet Potato,5oz,59,,,,,,,,,,,,,,,,,,,,,,,,,
11/1/07,Sweet Potato,5oz,1678,,,,,,,,,,,,,,,,,,,,,,,,,
12/1/07,Sweet Potato,5oz,194,,,,,,,,,,,,,,,,,,,,,,,,,
1/1/08,Sweet Potato,5oz,653,,,,,,,,,,,,,,,,,,,,,,,,,
2/1/08,Sweet Potato,5oz,241,,,,,,,,,,,,,,,,,,,,,,,,,
3/1/08,Sweet Potato,5oz,1279,,,,,,,,,,,,,,,,,,,,,,,,,
4/1/08,Sweet Potato,5oz,274,,,,,,,,,,,,,,,,,,,,,,,,,
5/1/08,Sweet Potato,5oz,132,,,,,,,,,,,,,,,,,,,,,,,,,
6/1/08,Sweet Potato,5oz,642,,,,,,,,,,,,,,,,,,,,,,,,,
7/1/08,Sweet Potato,5oz,601,,,,,,,,,,,,,,,,,,,,,,,,,
8/1/08,Sweet Potato,5oz,15,,,,,,,,,,,,,,,,,,,,,,,,,
9/1/08,Sweet Potato,5oz,1277,,,,,,,,,,,,,,,,,,,,,,,,,
10/1/08,Sweet Potato,5oz,810,,,,,,,,,,,,,,,,,,,,,,,,,
11/1/08,Sweet Potato,5oz,333,,,,,,,,,,,,,,,,,,,,,,,,,
12/1/08,Sweet Potato,5oz,1077,,,,,,,,,,,,,,,,,,,,,,,,,
1/1/09,Sweet Potato,5oz,800,,,,,,,,,,,,,,,,,,,,,,,,,
2/1/09,Sweet Potato,5oz,526,,,,,,,,,,,,,,,,,,,,,,,,,
3/1/09,Sweet Potato,5oz,703,,,,,,,,,,,,,,,,,,,,,,,,,
4/1/09,Sweet Potato,5oz,674,,,,,,,,,,,,,,,,,,,,,,,,,
5/1/09,Sweet Potato,5oz,1212,,,,,,,,,,,,,,,,,,,,,,,,,
6/1/09,Sweet Potato,5oz,1384,,,,,,,,,,,,,,,,,,,,,,,,,
7/1/09,Sweet Potato,5oz,1045,,,,,,,,,,,,,,,,,,,,,,,,,
8/1/09,Sweet Potato,5oz,830,,,,,,,,,,,,,,,,,,,,,,,,,
9/1/09,Sweet Potato,5oz,1771,,,,,,,,,,,,,,,,,,,,,,,,,
10/1/09,Sweet Potato,5oz,654,,,,,,,,,,,,,,,,,,,,,,,,,
11/1/09,Sweet Potato,5oz,827,,,,,,,,,,,,,,,,,,,,,,,,,
12/1/09,Sweet Potato,5oz,570,,,,,,,,,,,,,,,,,,,,,,,,,
1/1/10,Sweet Potato,5oz,491,,,,,,,,,,,,,,,,,,,,,,,,,
2/1/10,Sweet Potato,5oz,1081,,,,,,,,,,,,,,,,,,,,,,,,,
3/1/10,Sweet Potato,5oz,948,,,,,,,,,,,,,,,,,,,,,,,,,
4/1/10,Sweet Potato,5oz,1425,,,,,,,,,,,,,,,,,,,,,,,,,
5/1/10,Sweet Potato,5oz,848,,,,,,,,,,,,,,,,,,,,,,,,,
6/1/10,Sweet Potato,5oz,633,,,,,,,,,,,,,,,,,,,,,,,,,
7/1/10,Sweet Potato,5oz,557,,,,,,,,,,,,,,,,,,,,,,,,,
8/1/10,Sweet Potato,5oz,1057,,,,,,,,,,,,,,,,,,,,,,,,,
9/1/10,Sweet Potato,5oz,240,,,,,,,,,,,,,,,,,,,,,,,,,
10/1/10,Sweet Potato,5oz,940,,,,,,,,,,,,,,,,,,,,,,,,,
11/1/10,Sweet Potato,5oz,1139,,,,,,,,,,,,,,,,,,,,,,,,,
12/1/10,Sweet Potato,5oz,865,,,,,,,,,,,,,,,,,,,,,,,,,
,,,,,,,,,,,,,,,,,,,,,,,,,,,,
,,,,,,,,,,,,,,,,,,,,,,,,,,,,
,,,,,,,,,,,,,,,,,,,,,,,,,,,,
,,,,,,,,,,,,,,,,,,,,,,,,,,,,
,,,,,,,,,,,,,,,,,,,,,,,,,,,,
,,,,,,,,,,,,,,,,,,,,,,,,,,,,
,,,,,,,,,,,,,,,,,,,,,,,,,,,,
,,,,,,,,,,,,,,,,,,,,,,,,,,,,
,,,,,,,,,,,,,,,,,,,,,,,,,,,,
,,,,,,,,,,,,,,,,,,,,,,,,,,,,
,,,,,,,,,,,,,,,,,,,,,,,,,,,,
,,,,,,,,,,,,,,,,,,,,,,,,,,,,
,,,,,,,,,,,,,,,,,,,,,,,,,,,,
,,,,,,,,,,,,,,,,,,,,,,,,,,,,
,,,,,,,,,,,,,,,,,,,,,,,,,,,,
,,,,,,,,,,,,,,,,,,,,,,,,,,,,
,,,,,,,,,,,,,,,,,,,,,,,,,,,,
,,,,,,,,,,,,,,,,,,,,,,,,,,,,
,,,,,,,,,,,,,,,,,,,,,,,,,,,,
,,,,,,,,,,,,,,,,,,,,,,,,,,,,
,,,,,,,,,,,,,,,,,,,,,,,,,,,,
,,,,,,,,,,,,,,,,,,,,,,,,,,,,
,,,,,,,,,,,,,,,,,,,,,,,,,,,,
,,,,,,,,,,,,,,,,,,,,,,,,,,,,
,,,,,,,,,,,,,,,,,,,,,,,,,,,,
,,,,,,,,,,,,,,,,,,,,,,,,,,,,
,,,,,,,,,,,,,,,,,,,,,,,,,,,,
,,,,,,,,,,,,,,,,,,,,,,,,,,,,
,,,,,,,,,,,,,,,,,,,,,,,,,,,,
,,,,,,,,,,,,,,,,,,,,,,,,,,,,
,,,,,,,,,,,,,,,,,,,,,,,,,,,,
,,,,,,,,,,,,,,,,,,,,,,,,,,,,
,,,,,,,,,,,,,,,,,,,,,,,,,,,,
,,,,,,,,,,,,,,,,,,,,,,,,,,,,
,,,,,,,,,,,,,,,,,,,,,,,,,,,,
,,,,,,,,,,,,,,,,,,,,,,,,,,,,
,,,,,,,,,,,,,,,,,,,,,,,,,,,,
,,,,,,,,,,,,,,,,,,,,,,,,,,,,
,,,,,,,,,,,,,,,,,,,,,,,,,,,,
,,,,,,,,,,,,,,,,,,,,,,,,,,,,
,,,,,,,,,,,,,,,,,,,,,,,,,,,,
,,,,,,,,,,,,,,,,,,,,,,,,,,,,
,,,,,,,,,,,,,,,,,,,,,,,,,,,,
,,,,,,,,,,,,,,,,,,,,,,,,,,,,
,,,,,,,,,,,,,,,,,,,,,,,,,,,,
,,,,,,,,,,,,,,,,,,,,,,,,,,,,
,,,,,,,,,,,,,,,,,,,,,,,,,,,,
,,,,,,,,,,,,,,,,,,,,,,,,,,,,
,,,,,,,,,,,,,,,,,,,,,,,,,,,,
,,,,,,,,,,,,,,,,,,,,,,,,,,,,
,,,,,,,,,,,,,,,,,,,,,,,,,,,,
,,,,,,,,,,,,,,,,,,,,,,,,,,,,
,,,,,,,,,,,,,,,,,,,,,,,,,,,,
,,,,,,,,,,,,,,,,,,,,,,,,,,,,
,,,,,,,,,,,,,,,,,,,,,,,,,,,,
,,,,,,,,,,,,,,,,,,,,,,,,,,,,
,,,,,,,,,,,,,,,,,,,,,,,,,,,,
,,,,,,,,,,,,,,,,,,,,,,,,,,,,
,,,,,,,,,,,,,,,,,,,,,,,,,,,,
,,,,,,,,,,,,,,,,,,,,,,,,,,,,
,,,,,,,,,,,,,,,,,,,,,,,,,,,,
,,,,,,,,,,,,,,,,,,,,,,,,,,,,
,,,,,,,,,,,,,,,,,,,,,,,,,,,,
,,,,,,,,,,,,,,,,,,,,,,,,,,,,
,,,,,,,,,,,,,,,,,,,,,,,,,,,,
,,,,,,,,,,,,,,,,,,,,,,,,,,,,
,,,,,,,,,,,,,,,,,,,,,,,,,,,,
,,,,,,,,,,,,,,,,,,,,,,,,,,,,
,,,,,,,,,,,,,,,,,,,,,,,,,,,,
,,,,,,,,,,,,,,,,,,,,,,,,,,,,
,,,,,,,,,,,,,,,,,,,,,,,,,,,,
,,,,,,,,,,,,,,,,,,,,,,,,,,,,
,,,,,,,,,,,,,,,,,,,,,,,,,,,,
,,,,,,,,,,,,,,,,,,,,,,,,,,,,
,,,,,,,,,,,,,,,,,,,,,,,,,,,,
,,,,,,,,,,,,,,,,,,,,,,,,,,,,
,,,,,,,,,,,,,,,,,,,,,,,,,,,,
,,,,,,,,,,,,,,,,,,,,,,,,,,,,
,,,,,,,,,,,,,,,,,,,,,,,,,,,,
,,,,,,,,,,,,,,,,,,,,,,,,,,,,
,,,,,,,,,,,,,,,,,,,,,,,,,,,,
,,,,,,,,,,,,,,,,,,,,,,,,,,,,
,,,,,,,,,,,,,,,,,,,,,,,,,,,,
,,,,,,,,,,,,,,,,,,,,,,,,,,,,
,,,,,,,,,,,,,,,,,,,,,,,,,,,,
,,,,,,,,,,,,,,,,,,,,,,,,,,,,
,,,,,,,,,,,,,,,,,,,,,,,,,,,,
,,,,,,,,,,,,,,,,,,,,,,,,,,,,
,,,,,,,,,,,,,,,,,,,,,,,,,,,,
,,,,,,,,,,,,,,,,,,,,,,,,,,,,
,,,,,,,,,,,,,,,,,,,,,,,,,,,,
,,,,,,,,,,,,,,,,,,,,,,,,,,,,
,,,,,,,,,,,,,,,,,,,,,,,,,,,,
,,,,,,,,,,,,,,,,,,,,,,,,,,,,
,,,,,,,,,,,,,,,,,,,,,,,,,,,,
,,,,,,,,,,,,,,,,,,,,,,,,,,,,
,,,,,,,,,,,,,,,,,,,,,,,,,,,,
,,,,,,,,,,,,,,,,,,,,,,,,,,,,
,,,,,,,,,,,,,,,,,,,,,,,,,,,,
,,,,,,,,,,,,,,,,,,,,,,,,,,,,
,,,,,,,,,,,,,,,,,,,,,,,,,,,,
,,,,,,,,,,,,,,,,,,,,,,,,,,,,
,,,,,,,,,,,,,,,,,,,,,,,,,,,,
,,,,,,,,,,,,,,,,,,,,,,,,,,,,
,,,,,,,,,,,,,,,,,,,,,,,,,,,,
,,,,,,,,,,,,,,,,,,,,,,,,,,,,
,,,,,,,,,,,,,,,,,,,,,,,,,,,,
,,,,,,,,,,,,,,,,,,,,,,,,,,,,
,,,,,,,,,,,,,,,,,,,,,,,,,,,,
,,,,,,,,,,,,,,,,,,,,,,,,,,,,
,,,,,,,,,,,,,,,,,,,,,,,,,,,,
,,,,,,,,,,,,,,,,,,,,,,,,,,,,
,,,,,,,,,,,,,,,,,,,,,,,,,,,,
,,,,,,,,,,,,,,,,,,,,,,,,,,,,
,,,,,,,,,,,,,,,,,,,,,,,,,,,,
,,,,,,,,,,,,,,,,,,,,,,,,,,,,
,,,,,,,,,,,,,,,,,,,,,,,,,,,,
,,,,,,,,,,,,,,,,,,,,,,,,,,,,
,,,,,,,,,,,,,,,,,,,,,,,,,,,,
,,,,,,,,,,,,,,,,,,,,,,,,,,,,
,,,,,,,,,,,,,,,,,,,,,,,,,,,,
,,,,,,,,,,,,,,,,,,,,,,,,,,,,
,,,,,,,,,,,,,,,,,,,,,,,,,,,,
,,,,,,,,,,,,,,,,,,,,,,,,,,,,
,,,,,,,,,,,,,,,,,,,,,,,,,,,,
,,,,,,,,,,,,,,,,,,,,,,,,,,,,
,,,,,,,,,,,,,,,,,,,,,,,,,,,,
,,,,,,,,,,,,,,,,,,,,,,,,,,,,
,,,,,,,,,,,,,,,,,,,,,,,,,,,,
,,,,,,,,,,,,,,,,,,,,,,,,,,,,
,,,,,,,,,,,,,,,,,,,,,,,,,,,,
,,,,,,,,,,,,,,,,,,,,,,,,,,,,
,,,,,,,,,,,,,,,,,,,,,,,,,,,,
,,,,,,,,,,,,,,,,,,,,,,,,,,,,
,,,,,,,,,,,,,,,,,,,,,,,,,,,,
,,,,,,,,,,,,,,,,,,,,,,,,,,,,
,,,,,,,,,,,,,,,,,,,,,,,,,,,,
,,,,,,,,,,,,,,,,,,,,,,,,,,,,
,,,,,,,,,,,,,,,,,,,,,,,,,,,,
,,,,,,,,,,,,,,,,,,,,,,,,,,,,
,,,,,,,,,,,,,,,,,,,,,,,,,,,,
,,,,,,,,,,,,,,,,,,,,,,,,,,,,
,,,,,,,,,,,,,,,,,,,,,,,,,,,,
,,,,,,,,,,,,,,,,,,,,,,,,,,,,
,,,,,,,,,,,,,,,,,,,,,,,,,,,,
,,,,,,,,,,,,,,,,,,,,,,,,,,,,
,,,,,,,,,,,,,,,,,,,,,,,,,,,,
,,,,,,,,,,,,,,,,,,,,,,,,,,,,
,,,,,,,,,,,,,,,,,,,,,,,,,,,,
,,,,,,,,,,,,,,,,,,,,,,,,,,,,
,,,,,,,,,,,,,,,,,,,,,,,,,,,,
,,,,,,,,,,,,,,,,,,,,,,,,,,,,
,,,,,,,,,,,,,,,,,,,,,,,,,,,,
,,,,,,,,,,,,,,,,,,,,,,,,,,,,
,,,,,,,,,,,,,,,,,,,,,,,,,,,,
,,,,,,,,,,,,,,,,,,,,,,,,,,,,
,,,,,,,,,,,,,,,,,,,,,,,,,,,,
,,,,,,,,,,,,,,,,,,,,,,,,,,,,
,,,,,,,,,,,,,,,,,,,,,,,,,,,,
,,,,,,,,,,,,,,,,,,,,,,,,,,,,
,,,,,,,,,,,,,,,,,,,,,,,,,,,,
,,,,,,,,,,,,,,,,,,,,,,,,,,,,
,,,,,,,,,,,,,,,,,,,,,,,,,,,,
,,,,,,,,,,,,,,,,,,,,,,,,,,,,
,,,,,,,,,,,,,,,,,,,,,,,,,,,,
,,,,,,,,,,,,,,,,,,,,,,,,,,,,
,,,,,,,,,,,,,,,,,,,,,,,,,,,,
,,,,,,,,,,,,,,,,,,,,,,,,,,,,
,,,,,,,,,,,,,,,,,,,,,,,,,,,,
,,,,,,,,,,,,,,,,,,,,,,,,,,,,
,,,,,,,,,,,,,,,,,,,,,,,,,,,,
